category,term,source,topic,weight,used_in_line_table
seizing,allocation,bertopic_topic_word,0.0,0.025616776264679883,False
seizing,billion,bertopic_topic_word,0.0,0.08398506089107438,False
seizing,capital,bertopic_topic_word,0.0,0.08402200699786853,False
seizing,invested,bertopic_topic_word,0.0,0.054338251464432295,False
seizing,million,bertopic_topic_word,0.0,0.1389735896652127,False
seizing,continuing,bertopic_topic_word,1.0,0.03155628116383313,False
seizing,invest,bertopic_topic_word,1.0,0.05527753892907248,False
seizing,long,bertopic_topic_word,1.0,0.027392697880186556,False
seizing,investing,bertopic_topic_word,2.0,0.036103200903829374,False
seizing,future,bertopic_topic_word,3.0,0.04390149667574386,False
seizing,innovation,bertopic_topic_word,4.0,0.0649926988120012,False
seizing,tech,bertopic_topic_word,4.0,0.031039419989360047,False
seizing,technologies,bertopic_topic_word,4.0,0.07035111987862194,False
seizing,technology,bertopic_topic_word,4.0,0.11240601769323182,False
seizing,high,bertopic_topic_word,5.0,0.040614026739069636,False
seizing,marketing,bertopic_topic_word,6.0,0.08816275687302706,False
seizing,product,bertopic_topic_word,6.0,0.07780001261705845,False
seizing,products,bertopic_topic_word,6.0,0.04322222923169915,False
seizing,sales,bertopic_topic_word,6.0,0.14495772528660975,False
seizing,generate,bertopic_topic_word,8.0,0.0458187340117057,False
seizing,return,bertopic_topic_word,8.0,0.22755287594800727,False
seizing,returns,bertopic_topic_word,8.0,0.08736939078259334,False
seizing,brand,bertopic_topic_word,9.0,0.15866109531627295,False
seizing,brands,bertopic_topic_word,9.0,0.1787228283868394,False
seizing,considering,bertopic_topic_word,9.0,0.03239094639948312,False
seizing,focused,bertopic_topic_word,9.0,0.034300346896679934,False
seizing,included,bertopic_topic_word,9.0,0.03239094639948312,False
seizing,various,bertopic_topic_word,9.0,0.03239094639948312,False
seizing,businesses,bertopic_topic_word,10.0,0.08725187727337047,False
seizing,prioritize,bertopic_topic_word,10.0,0.032594627853855675,False
seizing,area,bertopic_topic_word,11.0,0.10221817773159572,False
seizing,areas,bertopic_topic_word,11.0,0.09492435295691476,False
seizing,land,bertopic_topic_word,11.0,0.03538087991328156,False
seizing,place,bertopic_topic_word,11.0,0.032895501341737424,False
seizing,regions,bertopic_topic_word,11.0,0.049343252012606136,False
seizing,significantly,bertopic_topic_word,12.0,0.042133644111838675,False
seizing,automation,bertopic_topic_word,13.0,0.036379490782533955,False
seizing,capex,bertopic_topic_word,13.0,0.2751789975544761,True
seizing,pipeline,bertopic_topic_word,13.0,0.1494908517182014,False
seizing,plan,bertopic_topic_word,13.0,0.04084282388810387,False
seizing,actively,bertopic_topic_word,14.0,0.039332259756968406,False
seizing,maintain,bertopic_topic_word,14.0,0.03662244124462491,False
seizing,platform,bertopic_topic_word,14.0,0.2816149966803922,False
seizing,platforms,bertopic_topic_word,14.0,0.09833064939242099,False
seizing,clients,bertopic_topic_word,15.0,0.0817040337705053,False
seizing,customer,bertopic_topic_word,15.0,0.09334211450781738,False
seizing,customers,bertopic_topic_word,15.0,0.22551472741957088,False
seizing,success,bertopic_topic_word,15.0,0.0468905172634415,False
seizing,acquisition,bertopic_topic_word,16.0,0.04497267074013945,True
seizing,analytics,bertopic_topic_word,16.0,0.04497267074013945,False
seizing,digital,bertopic_topic_word,16.0,0.3265717645202164,False
seizing,store,bertopic_topic_word,16.0,0.060060803641184844,False
seizing,transformation,bertopic_topic_word,16.0,0.0400405357607899,False
seizing,acquisitions,bertopic_topic_word,17.0,0.07184952401149178,True
seizing,allow,bertopic_topic_word,17.0,0.05292593037655773,False
seizing,inorganically,bertopic_topic_word,17.0,0.05692468302879459,False
seizing,organic,bertopic_topic_word,17.0,0.22102781292332532,False
seizing,organically,bertopic_topic_word,17.0,0.22102781292332532,False
seizing,activities,bertopic_topic_word,18.0,0.0669776366184851,False
seizing,bank,bertopic_topic_word,18.0,0.05747869858099281,False
seizing,bitcoin,bertopic_topic_word,18.0,0.07265419795304617,False
seizing,cash,bertopic_topic_word,18.0,0.26537319632532763,False
seizing,excess,bertopic_topic_word,18.0,0.061821429956002726,False
seizing,floating,bertopic_topic_word,18.0,0.061821429956002726,False
seizing,flow,bertopic_topic_word,18.0,0.0669776366184851,False
seizing,flows,bertopic_topic_word,18.0,0.05747869858099281,False
seizing,liquidity,bertopic_topic_word,18.0,0.0862180478714892,False
seizing,devs,bertopic_topic_word,19.0,0.04600676100452086,False
seizing,engineering,bertopic_topic_word,19.0,0.04600676100452086,False
seizing,expense,bertopic_topic_word,19.0,0.07636455668617616,False
seizing,strategically,bertopic_topic_word,19.0,0.06246582018224843,False
seizing,suite,bertopic_topic_word,19.0,0.04600676100452086,False
seizing,account,bertopic_topic_word,20.0,0.03500514424257022,False
seizing,brought,bertopic_topic_word,20.0,0.03500514424257022,False
seizing,capabilities,bertopic_topic_word,20.0,0.14172320944958122,False
seizing,capability,bertopic_topic_word,20.0,0.18506088789375968,False
seizing,created,bertopic_topic_word,20.0,0.03500514424257022,False
seizing,drive,bertopic_topic_word,21.0,0.2073418433899607,False
seizing,driving,bertopic_topic_word,21.0,0.15898448022666575,False
seizing,margins,bertopic_topic_word,21.0,0.08928397867527683,False
seizing,delivery,bertopic_topic_word,22.0,0.07080157573552756,False
seizing,infrastructure,bertopic_topic_word,22.0,0.3037677494096789,False
seizing,network,bertopic_topic_word,22.0,0.06701225772537335,False
seizing,past,bertopic_topic_word,22.0,0.0640777211934717,False
seizing,additional,bertopic_topic_word,23.0,0.057050908160275506,False
seizing,personnel,bertopic_topic_word,23.0,0.07551381280993563,False
seizing,invest,seed_keyword,,,True
seizing,invested,seed_keyword,,,True
seizing,investing,seed_keyword,,,True
seizing,seize,seed_keyword,,,True
seizing,seized,seed_keyword,,,True
seizing,seizing,seed_keyword,,,True
sensing,make,bertopic_topic_word,0.0,0.05321930579271906,False
sensing,makes,bertopic_topic_word,0.0,0.06846321360030544,False
sensing,sense,bertopic_topic_word,0.0,0.05332421268515538,False
sensing,okay,bertopic_topic_word,1.0,0.0666755322641412,False
sensing,thank,bertopic_topic_word,1.0,0.0591027078187123,False
sensing,customers,bertopic_topic_word,2.0,0.08038579447621183,False
sensing,pretty,bertopic_topic_word,3.0,0.051037948453544646,False
sensing,shape,bertopic_topic_word,3.0,0.16758823367471148,False
sensing,price,bertopic_topic_word,4.0,0.0705182739125447,False
sensing,trying,bertopic_topic_word,4.0,0.04553695161491683,False
sensing,sort,bertopic_topic_word,5.0,0.037923635271245676,False
sensing,wanted,bertopic_topic_word,5.0,0.09626388541366179,False
sensing,market,bertopic_topic_word,6.0,0.09056879871348157,False
sensing,portfolio,bertopic_topic_word,6.0,0.09970755006459833,False
sensing,shaping,bertopic_topic_word,6.0,0.03881131197160976,False
sensing,just,bertopic_topic_word,7.0,0.04078254803409339,False
sensing,magnitude,bertopic_topic_word,8.0,0.14727590814462746,False
sensing,scale,bertopic_topic_word,8.0,0.13856550278579532,False
sensing,volume,bertopic_topic_word,8.0,0.04773979272956014,False
sensing,volumes,bertopic_topic_word,8.0,0.04515553259425405,False
sensing,kind,bertopic_topic_word,9.0,0.05625859783642809,False
sensing,covid,bertopic_topic_word,10.0,0.04937573578259802,False
sensing,medicare,bertopic_topic_word,10.0,0.0354328682637995,False
sensing,recovery,bertopic_topic_word,10.0,0.18917213999242563,False
sensing,shaped,bertopic_topic_word,10.0,0.06294010897170979,False
sensing,study,bertopic_topic_word,10.0,0.0354328682637995,False
sensing,vaccines,bertopic_topic_word,10.0,0.04937573578259802,False
sensing,december,bertopic_topic_word,11.0,0.05031622598798085,False
sensing,capabilities,bertopic_topic_word,12.0,0.04739146130283183,False
sensing,chief,bertopic_topic_word,12.0,0.05743899812668238,False
sensing,expanding,bertopic_topic_word,12.0,0.04739146130283183,False
sensing,external,bertopic_topic_word,12.0,0.04739146130283183,False
sensing,lidar,bertopic_topic_word,12.0,0.06604004660922486,False
sensing,sensing,bertopic_topic_word,12.0,0.3446929644478592,False
sensing,systems,bertopic_topic_word,12.0,0.04739146130283183,False
sensing,technology,bertopic_topic_word,12.0,0.04739146130283183,False
sensing,place,bertopic_topic_word,13.0,0.054420816807079615,False
sensing,better,bertopic_topic_word,14.0,0.07879258074209078,False
sensing,gives,bertopic_topic_word,14.0,0.054696154924627226,False
sensing,comes,bertopic_topic_word,15.0,0.058932387112329745,False
sensing,form,bertopic_topic_word,15.0,0.04948970452397539,False
sensing,franchise,bertopic_topic_word,16.0,0.07064565660049466,False
sensing,consolidation,bertopic_topic_word,17.0,0.07482862310973447,False
sensing,expand,bertopic_topic_word,17.0,0.07482862310973447,False
sensing,sense,seed_keyword,,,True
sensing,sensed,seed_keyword,,,True
sensing,senses,seed_keyword,,,True
sensing,sensing,seed_keyword,,,True
sensing,shape,seed_keyword,,,True
sensing,shaped,seed_keyword,,,True
sensing,shaping,seed_keyword,,,True
transforming,transform,bertopic_topic_word,0.0,0.11516786300399465,False
transforming,transformed,bertopic_topic_word,0.0,0.05026115816540699,False
transforming,transforming,bertopic_topic_word,0.0,0.08575750789916967,False
transforming,global,bertopic_topic_word,1.0,0.11775944785250145,False
transforming,redesign,bertopic_topic_word,1.0,0.19619248193362143,False
transforming,redesigned,bertopic_topic_word,1.0,0.09734981628310475,False
transforming,capital,bertopic_topic_word,2.0,0.15643236245380443,False
transforming,million,bertopic_topic_word,2.0,0.07560338591383849,False
transforming,redeploy,bertopic_topic_word,2.0,0.19558403313500633,False
transforming,redeployed,bertopic_topic_word,2.0,0.10428824163586961,False
transforming,redeployment,bertopic_topic_word,2.0,0.17640790046562313,False
transforming,reconfigure,seed_keyword,,,True
transforming,reconfigured,seed_keyword,,,True
transforming,reconfiguring,seed_keyword,,,True
transforming,redeploy,seed_keyword,,,True
transforming,redeployed,seed_keyword,,,True
transforming,redeployment,seed_keyword,,,True
transforming,redesign,seed_keyword,,,True
transforming,redesigned,seed_keyword,,,True
transforming,redesigning,seed_keyword,,,True
transforming,revamp,seed_keyword,,,True
transforming,revamped,seed_keyword,,,True
transforming,revamping,seed_keyword,,,True
transforming,transform,seed_keyword,,,True
transforming,transformed,seed_keyword,,,True
transforming,transforming,seed_keyword,,,True
