call_id,date,exchange,q,ticker,word_count,total_dynamic_capability_keywords,sensing_count,sensing_per_1000_words,seizing_count,seizing_per_1000_words,transforming_count,transforming_per_1000_words,total_dynamic_capability_keywords_per_1000_words,keyword_sense_count,keyword_senses_count,keyword_sensed_count,keyword_sensing_count,keyword_shape_count,keyword_shaped_count,keyword_shaping_count,keyword_seize_count,keyword_seized_count,keyword_seizing_count,keyword_invest_count,keyword_investing_count,keyword_invested_count,keyword_transform_count,keyword_transforming_count,keyword_transformed_count,keyword_reconfigure_count,keyword_reconfigured_count,keyword_reconfiguring_count,keyword_redeployment_count,keyword_redeploy_count,keyword_redeployed_count,keyword_redesign_count,keyword_redesigned_count,keyword_redesigning_count,keyword_revamping_count,keyword_revamped_count,keyword_revamp_count
0,2020-08-27 21:00:00,NASDAQ,2020-Q2,BILI,5815,3,0,0.0,3,0.5159071367153912,0,0.0,0.5159071367153912,0,0,0,0,0,0,0,0,0,0,2,0,1,0,0,0,0,0,0,0,0,0,0,0,0,0,0,0
1,2020-07-30 16:30:00,NYSE,2020-Q3,GFF,4807,7,1,0.20802995631370916,6,1.248179737882255,0,0.0,1.4562096941959641,1,0,0,0,0,0,0,0,0,0,2,4,0,0,0,0,0,0,0,0,0,0,0,0,0,0,0,0
2,2019-10-23 17:00:00,NASDAQ,2020-Q1,LRCX,9112,6,3,0.3292361720807726,3,0.3292361720807726,0,0.0,0.6584723441615452,3,0,0,0,0,0,0,0,0,0,0,2,1,0,0,0,0,0,0,0,0,0,0,0,0,0,0,0
3,2019-11-06 12:00:00,NASDAQ,2019-Q3,BBSI,8390,14,2,0.23837902264600716,12,1.430274135876043,0,0.0,1.66865315852205,2,0,0,0,0,0,0,0,0,0,7,1,4,0,0,0,0,0,0,0,0,0,0,0,0,0,0,0
4,2019-08-07 08:30:00,NASDAQ,2019-Q2,CSTE,4655,12,12,2.5778732545649836,0,0.0,0,0.0,2.5778732545649836,12,0,0,0,0,0,0,0,0,0,0,0,0,0,0,0,0,0,0,0,0,0,0,0,0,0,0,0
5,2020-11-04 17:00:00,NYSE,2020-Q3,GDOT,8579,3,1,0.11656370206317752,2,0.23312740412635505,0,0.0,0.3496911061895326,1,0,0,0,0,0,0,0,0,0,2,0,0,0,0,0,0,0,0,0,0,0,0,0,0,0,0,0
6,2020-08-05 08:30:00,NYSE,2020-Q2,KAR,10969,3,2,0.1823320266204759,1,0.09116601331023795,0,0.0,0.27349803993071387,2,0,0,0,0,0,0,0,0,0,0,0,1,0,0,0,0,0,0,0,0,0,0,0,0,0,0,0
7,2021-03-24 11:00:00,NYSE,2021-Q2,EPAC,9552,2,2,0.20938023450586266,0,0.0,0,0.0,0.20938023450586266,2,0,0,0,0,0,0,0,0,0,0,0,0,0,0,0,0,0,0,0,0,0,0,0,0,0,0,0
8,2021-06-09 08:30:00,NYSE,2021-Q2,ABM,9481,15,8,0.8437928488556059,7,0.7383187427486552,0,0.0,1.5821115916042612,8,0,0,0,0,0,0,0,0,0,4,2,1,0,0,0,0,0,0,0,0,0,0,0,0,0,0,0
9,2022-08-11 08:30:00,NYSE,2022-Q2,SGHC,5397,2,0,0.0,2,0.37057624606262735,0,0.0,0.37057624606262735,0,0,0,0,0,0,0,0,0,0,0,2,0,0,0,0,0,0,0,0,0,0,0,0,0,0,0,0
10,2020-07-28 10:00:00,NYSE,2020-Q2,WDR,8847,10,1,0.11303266644060134,5,0.5651633322030066,4,0.45213066576240535,1.1303266644060133,1,0,0,0,0,0,0,0,0,0,3,2,0,0,2,1,0,0,0,0,0,1,0,0,0,0,0,0
11,2021-08-26 09:00:00,NYSE,2022-Q1,SJM,6408,4,3,0.4681647940074906,1,0.1560549313358302,0,0.0,0.6242197253433208,3,0,0,0,0,0,0,0,0,0,1,0,0,0,0,0,0,0,0,0,0,0,0,0,0,0,0,0
12,2021-11-22 17:15:00,NASDAQ,2022-Q3,URBN,7497,4,2,0.26677337601707346,2,0.26677337601707346,0,0.0,0.5335467520341469,2,0,0,0,0,0,0,0,0,0,0,1,1,0,0,0,0,0,0,0,0,0,0,0,0,0,0,0
13,2019-10-30 12:00:00,NYSE,2019-Q3,HESM,3030,1,0,0.0,1,0.33003300330033003,0,0.0,0.33003300330033003,0,0,0,0,0,0,0,0,0,0,0,0,1,0,0,0,0,0,0,0,0,0,0,0,0,0,0,0
14,2020-07-30 10:00:00,NASDAQ,2020-Q2,SPOK,8254,5,1,0.121153380179307,4,0.484613520717228,0,0.0,0.605766900896535,0,0,0,0,1,0,0,0,0,0,1,3,0,0,0,0,0,0,0,0,0,0,0,0,0,0,0,0
15,2021-01-14 01:00:00,NYSE,2020-Q4,TSM,12166,5,0,0.0,4,0.32878513891172123,1,0.08219628472793031,0.4109814236396515,0,0,0,0,0,0,0,0,0,0,3,0,1,0,0,0,0,0,0,0,0,0,1,0,0,0,0,0
16,2021-02-11 08:30:00,NYSE,2020-Q3,MYOV,9551,3,1,0.10470107842110773,1,0.10470107842110773,1,0.10470107842110773,0.31410323526332323,1,0,0,0,0,0,0,0,0,0,1,0,0,1,0,0,0,0,0,0,0,0,0,0,0,0,0,0
17,2021-02-17 09:00:00,NYSE,2020-Q4,GNW,8323,3,3,0.3604469542232368,0,0.0,0,0.0,0.3604469542232368,1,0,0,0,2,0,0,0,0,0,0,0,0,0,0,0,0,0,0,0,0,0,0,0,0,0,0,0
18,2022-04-27 04:30:00,NYSE,2022-Q1,WPP,12060,11,6,0.49751243781094523,5,0.41459369817578773,0,0.0,0.9121061359867331,6,0,0,0,0,0,0,0,0,0,4,1,0,0,0,0,0,0,0,0,0,0,0,0,0,0,0,0
19,2019-11-06 16:30:00,NASDAQ,2019-Q3,DXCM,8950,2,0,0.0,2,0.223463687150838,0,0.0,0.223463687150838,0,0,0,0,0,0,0,0,0,0,1,1,0,0,0,0,0,0,0,0,0,0,0,0,0,0,0,0
20,2019-07-30 10:30:00,NYSE,2019-Q2,EME,10063,5,1,0.09937394415184339,4,0.39749577660737356,0,0.0,0.49686972075921687,1,0,0,0,0,0,0,0,0,0,3,1,0,0,0,0,0,0,0,0,0,0,0,0,0,0,0,0
21,2021-02-10 09:00:00,NASDAQ,2020-Q4,EEFT,9308,6,3,0.32230339492909327,3,0.32230339492909327,0,0.0,0.6446067898581865,3,0,0,0,0,0,0,0,0,0,2,0,1,0,0,0,0,0,0,0,0,0,0,0,0,0,0,0
22,2021-03-16 16:30:00,NASDAQ,2021-Q4,COUP,10520,9,7,0.6653992395437263,2,0.19011406844106463,0,0.0,0.8555133079847909,7,0,0,0,0,0,0,0,0,0,2,0,0,0,0,0,0,0,0,0,0,0,0,0,0,0,0,0
23,2021-11-03 16:30:00,NASDAQ,2022-Q1,ARAY,4687,1,1,0.2133560913164071,0,0.0,0,0.0,0.2133560913164071,1,0,0,0,0,0,0,0,0,0,0,0,0,0,0,0,0,0,0,0,0,0,0,0,0,0,0,0
24,2021-07-01 08:30:00,NASDAQ,2021-Q3,WBA,9409,9,1,0.10628122010840685,6,0.6376873206504411,2,0.2125624402168137,0.9565309809756616,0,0,0,0,1,0,0,0,0,0,1,2,3,1,1,0,0,0,0,0,0,0,0,0,0,0,0,0
25,2021-05-04 08:30:00,NASDAQ,2021-Q1,ZBRA,9342,14,3,0.3211303789338471,10,1.070434596446157,1,0.10704345964461572,1.49860843502462,2,0,0,1,0,0,0,0,0,0,7,2,1,1,0,0,0,0,0,0,0,0,0,0,0,0,0,0
26,2021-05-20 16:15:00,NASDAQ,2021-Q1,ROST,6818,0,0,0.0,0,0.0,0,0.0,0.0,0,0,0,0,0,0,0,0,0,0,0,0,0,0,0,0,0,0,0,0,0,0,0,0,0,0,0,0
27,2021-05-21 09:00:00,NYSE,2021-Q1,FL,9028,6,3,0.3322995126273815,3,0.3322995126273815,0,0.0,0.664599025254763,1,0,0,0,2,0,0,0,0,0,2,0,1,0,0,0,0,0,0,0,0,0,0,0,0,0,0,0
28,,NYSE,2018-Q4,BC,8813,2,1,0.11346873936230568,1,0.11346873936230568,0,0.0,0.22693747872461137,1,0,0,0,0,0,0,0,0,0,1,0,0,0,0,0,0,0,0,0,0,0,0,0,0,0,0,0
29,2021-04-08 11:30:00,NYSE,2021-Q4,STZ,12269,15,2,0.16301247045398973,13,1.0595810579509333,0,0.0,1.222593528404923,1,0,0,0,1,0,0,0,0,0,9,3,1,0,0,0,0,0,0,0,0,0,0,0,0,0,0,0
30,2022-05-05 17:00:00,NYSE,2022-Q1,NET,10395,5,5,0.48100048100048104,0,0.0,0,0.0,0.48100048100048104,5,0,0,0,0,0,0,0,0,0,0,0,0,0,0,0,0,0,0,0,0,0,0,0,0,0,0,0
31,2020-04-23 09:30:00,NYSE,2020-Q2,HZO,7942,10,8,1.007302946361118,2,0.2518257365902795,0,0.0,1.2591286829513977,8,0,0,0,0,0,0,0,0,0,0,1,1,0,0,0,0,0,0,0,0,0,0,0,0,0,0,0
32,2021-02-17 08:30:00,NYSE,2021-Q3,LZB,7824,7,0,0.0,7,0.8946830265848671,0,0.0,0.8946830265848671,0,0,0,0,0,0,0,0,0,0,2,4,1,0,0,0,0,0,0,0,0,0,0,0,0,0,0,0
33,2021-02-25 10:30:00,NYSE,2020-Q4,USPH,7556,4,4,0.5293806246691372,0,0.0,0,0.0,0.5293806246691372,1,0,0,0,3,0,0,0,0,0,0,0,0,0,0,0,0,0,0,0,0,0,0,0,0,0,0,0
34,2020-05-09 20:30:00,NASDAQ,2020-Q1,MRNA,11680,25,11,0.9417808219178082,13,1.1130136986301369,1,0.08561643835616438,2.1404109589041096,9,0,0,0,2,0,0,0,0,0,7,5,1,0,0,1,0,0,0,0,0,0,0,0,0,0,0,0
35,2021-08-04 16:30:00,NASDAQ,2021-Q2,MELI,6587,8,2,0.3036283588887202,6,0.9108850766661606,0,0.0,1.2145134355548808,2,0,0,0,0,0,0,0,0,0,1,4,1,0,0,0,0,0,0,0,0,0,0,0,0,0,0,0
36,2021-04-26 17:00:00,NASDAQ,2021-Q1,CDNS,7833,9,2,0.25533001404315075,6,0.7659900421294523,1,0.12766500702157538,1.1489850631941785,0,0,0,0,0,0,2,0,0,0,3,2,1,0,1,0,0,0,0,0,0,0,0,0,0,0,0,0
37,2021-05-12 09:00:00,NYSE,2021-Q1,VIV,7510,3,0,0.0,3,0.3994673768308922,0,0.0,0.3994673768308922,0,0,0,0,0,0,0,0,0,0,2,1,0,0,0,0,0,0,0,0,0,0,0,0,0,0,0,0
38,2021-01-28 08:30:00,NASDAQ,2021-Q3,NTCT,6478,3,3,0.4631058968817536,0,0.0,0,0.0,0.4631058968817536,3,0,0,0,0,0,0,0,0,0,0,0,0,0,0,0,0,0,0,0,0,0,0,0,0,0,0,0
39,2022-08-09 17:00:00,NYSE,2022-Q2,U,9402,6,0,0.0,6,0.6381620931716656,0,0.0,0.6381620931716656,0,0,0,0,0,0,0,0,1,0,4,1,0,0,0,0,0,0,0,0,0,0,0,0,0,0,0,0
40,2021-02-11 10:00:00,NASDAQ,2020-Q4,RUSHA,10809,10,8,0.7401239707651032,2,0.1850309926912758,0,0.0,0.925154963456379,4,0,0,0,4,0,0,0,0,0,2,0,0,0,0,0,0,0,0,0,0,0,0,0,0,0,0,0
41,2021-11-05 09:00:00,NYSE,2021-Q3,DTM,3673,0,0,0.0,0,0.0,0,0.0,0.0,0,0,0,0,0,0,0,0,0,0,0,0,0,0,0,0,0,0,0,0,0,0,0,0,0,0,0,0
42,2021-02-24 08:30:00,NASDAQ,2020-Q4,VCEL,6811,3,3,0.4404639553663192,0,0.0,0,0.0,0.4404639553663192,3,0,0,0,0,0,0,0,0,0,0,0,0,0,0,0,0,0,0,0,0,0,0,0,0,0,0,0
43,2021-01-28 17:00:00,NASDAQ,2020-Q4,MSTR,7742,9,1,0.12916559028674762,8,1.033324722293981,0,0.0,1.1624903125807284,1,0,0,0,0,0,0,0,0,0,6,1,1,0,0,0,0,0,0,0,0,0,0,0,0,0,0,0
44,2021-05-06 08:00:00,NASDAQ,2021-Q1,MRNA,14578,22,3,0.20578954589106874,17,1.1661407600493896,2,0.13719303059404583,1.509123336534504,3,0,0,0,0,0,0,0,0,0,10,6,1,2,0,0,0,0,0,0,0,0,0,0,0,0,0,0
45,2021-05-20 08:00:00,NASDAQ,2021-Q1,CSIQ,7974,3,2,0.25081514923501375,1,0.12540757461750687,0,0.0,0.3762227238525207,2,0,0,0,0,0,0,0,0,0,0,1,0,0,0,0,0,0,0,0,0,0,0,0,0,0,0,0
46,2020-04-30 17:00:00,NASDAQ,2020-Q2,AAPL,8281,8,0,0.0,8,0.9660669001328341,0,0.0,0.9660669001328341,0,0,0,0,0,0,0,0,0,0,5,3,0,0,0,0,0,0,0,0,0,0,0,0,0,0,0,0
47,2021-08-04 16:35:00,NASDAQ,2021-Q3,CENT,7205,6,1,0.13879250520471895,5,0.6939625260235947,0,0.0,0.8327550312283137,0,0,0,0,1,0,0,0,0,0,2,2,1,0,0,0,0,0,0,0,0,0,0,0,0,0,0,0
48,2021-10-27 17:00:00,NASDAQ,2021-Q3,BCOV,7395,4,0,0.0,3,0.4056795131845842,1,0.1352265043948614,0.5409060175794456,0,0,0,0,0,0,0,0,0,0,2,0,1,0,0,0,0,0,0,0,0,0,0,0,0,0,1,0
49,2022-03-08 16:30:00,NASDAQ,2021-Q4,FLNT,5576,6,0,0.0,6,1.0760401721664274,0,0.0,1.0760401721664274,0,0,0,0,0,0,0,0,0,0,3,3,0,0,0,0,0,0,0,0,0,0,0,0,0,0,0,0
50,2021-02-11 08:30:00,NASDAQ,2020-Q4,ACLS,5992,4,3,0.5006675567423231,1,0.16688918558077437,0,0.0,0.6675567423230975,2,0,0,0,1,0,0,0,0,0,1,0,0,0,0,0,0,0,0,0,0,0,0,0,0,0,0,0
51,2021-05-10 11:00:00,NYSE,2021-Q1,GEO,6198,2,1,0.16134236850596967,1,0.16134236850596967,0,0.0,0.32268473701193934,1,0,0,0,0,0,0,0,0,0,0,1,0,0,0,0,0,0,0,0,0,0,0,0,0,0,0,0
52,2021-05-05 09:00:00,NYSE,2021-Q1,DFIN,5711,1,1,0.17510068289266328,0,0.0,0,0.0,0.17510068289266328,1,0,0,0,0,0,0,0,0,0,0,0,0,0,0,0,0,0,0,0,0,0,0,0,0,0,0,0
53,2021-05-26 08:00:00,NYSE,2021-Q1,GOTU,4298,1,0,0.0,1,0.23266635644485809,0,0.0,0.23266635644485809,0,0,0,0,0,0,0,0,0,0,1,0,0,0,0,0,0,0,0,0,0,0,0,0,0,0,0,0
54,2021-02-11 09:30:00,NYSE,2020-Q4,MT,9323,8,7,0.7508312774857878,1,0.10726161106939826,0,0.0,0.8580928885551861,6,0,0,0,1,0,0,0,0,0,0,0,1,0,0,0,0,0,0,0,0,0,0,0,0,0,0,0
55,2020-10-29 08:30:00,NYSE,2020-Q3,SHOP,9117,7,3,0.3290556103981573,4,0.4387408138642097,0,0.0,0.767796424262367,1,0,0,0,2,0,0,0,0,0,2,2,0,0,0,0,0,0,0,0,0,0,0,0,0,0,0,0
56,2020-08-20 09:30:00,NYSE,2020-Q4,EL,11524,15,3,0.26032627559875043,12,1.0413051023950017,0,0.0,1.301631377993752,3,0,0,0,0,0,0,0,0,0,7,4,1,0,0,0,0,0,0,0,0,0,0,0,0,0,0,0
57,2021-02-23 12:30:00,NASDAQ,2020-Q4,LGIH,7636,10,4,0.5238344683080147,5,0.6547930853850183,1,0.13095861707700368,1.3095861707700367,4,0,0,0,0,0,0,0,0,0,4,1,0,0,0,0,0,0,0,0,0,0,0,1,0,0,0,0
58,2021-02-18 17:00:00,NYSE,2020-Q4,EBS,9084,5,1,0.11008366358432409,4,0.44033465433729635,0,0.0,0.5504183179216204,0,0,0,0,1,0,0,0,0,0,4,0,0,0,0,0,0,0,0,0,0,0,0,0,0,0,0,0
59,2021-05-06 08:30:00,NASDAQ,2021-Q1,REGN,9479,2,2,0.2109927207511341,0,0.0,0,0.0,0.2109927207511341,2,0,0,0,0,0,0,0,0,0,0,0,0,0,0,0,0,0,0,0,0,0,0,0,0,0,0,0
60,2021-05-05 10:00:00,NYSE,2021-Q1,EAF,5050,0,0,0.0,0,0.0,0,0.0,0.0,0,0,0,0,0,0,0,0,0,0,0,0,0,0,0,0,0,0,0,0,0,0,0,0,0,0,0,0
61,2021-01-27 17:00:00,NASDAQ,2020-Q4,META,10566,9,6,0.5678591709256104,3,0.2839295854628052,0,0.0,0.8517887563884157,5,0,0,0,0,0,1,0,0,0,2,1,0,0,0,0,0,0,0,0,0,0,0,0,0,0,0,0
62,2019-12-04 16:30:00,NYSE,2020-Q2,HRB,6225,2,0,0.0,0,0.0,2,0.321285140562249,0.321285140562249,0,0,0,0,0,0,0,0,0,0,0,0,0,0,0,0,0,0,0,0,0,0,1,1,0,0,0,0
63,2020-08-10 11:00:00,NASDAQ,2020-Q2,STRS,2521,2,0,0.0,1,0.3966679888932963,1,0.3966679888932963,0.7933359777865926,0,0,0,0,0,0,0,0,0,0,0,1,0,0,0,0,0,0,0,0,0,0,1,0,0,0,0,0
64,2021-05-01 12:00:00,NYSE,2021-Q1,TTE,11017,13,3,0.2723064355087592,7,0.6353816828537714,3,0.2723064355087592,1.1799945538712897,3,0,0,0,0,0,0,1,0,0,6,0,0,1,2,0,0,0,0,0,0,0,0,0,0,0,0,0
65,2021-01-27 09:00:00,NASDAQ,2020-Q4,FCNCA,4807,0,0,0.0,0,0.0,0,0.0,0.0,0,0,0,0,0,0,0,0,0,0,0,0,0,0,0,0,0,0,0,0,0,0,0,0,0,0,0,0
66,2023-02-01 08:30:00,NYSE,2022-Q4,OTIS,8523,5,3,0.3519887363604365,2,0.2346591575736243,0,0.0,0.5866478939340608,3,0,0,0,0,0,0,0,0,0,2,0,0,0,0,0,0,0,0,0,0,0,0,0,0,0,0,0
67,2021-01-26 08:30:00,NYSE,2021-Q1,DHI,11213,3,2,0.17836439846606617,1,0.08918219923303308,0,0.0,0.2675465976990993,2,0,0,0,0,0,0,0,0,0,1,0,0,0,0,0,0,0,0,0,0,0,0,0,0,0,0,0
68,2021-02-12 10:00:00,NASDAQ,2020-Q4,AIMC,8547,8,6,0.702000702000702,2,0.234000234000234,0,0.0,0.936000936000936,3,0,0,0,3,0,0,0,0,0,1,1,0,0,0,0,0,0,0,0,0,0,0,0,0,0,0,0
69,2020-05-07 10:00:00,NYSE,2020-Q1,HLT,12300,7,5,0.4065040650406504,2,0.16260162601626016,0,0.0,0.5691056910569106,3,0,0,0,2,0,0,0,0,0,0,2,0,0,0,0,0,0,0,0,0,0,0,0,0,0,0,0
70,2021-10-07 08:30:00,NASDAQ,2022-Q1,TLRY,11181,3,3,0.26831231553528306,0,0.0,0,0.0,0.26831231553528306,3,0,0,0,0,0,0,0,0,0,0,0,0,0,0,0,0,0,0,0,0,0,0,0,0,0,0,0
71,2021-02-03 16:30:00,NASDAQ,2020-Q4,ALGN,11719,21,12,1.0239781551326905,6,0.5119890775663453,3,0.25599453878317263,1.7919617714822083,10,0,0,0,2,0,0,0,0,0,3,1,2,3,0,0,0,0,0,0,0,0,0,0,0,0,0,0
72,2021-04-29 16:30:00,NASDAQ,2021-Q1,SGEN,9586,5,1,0.1043187982474442,4,0.4172751929897768,0,0.0,0.5215939912372209,1,0,0,0,0,0,0,0,0,0,3,1,0,0,0,0,0,0,0,0,0,0,0,0,0,0,0,0
73,2020-02-04 17:00:00,NYSE,2019-Q4,F,10393,30,1,0.0962186086789185,3,0.2886558260367555,26,2.5016838256518814,2.886558260367555,1,0,0,0,0,0,0,0,0,0,3,0,0,0,0,0,0,0,0,0,0,0,25,1,0,0,0,0
74,2020-08-06 08:30:00,NYSE,2020-Q3,ADNT,9540,3,2,0.20964360587002095,0,0.0,1,0.10482180293501048,0.31446540880503143,2,0,0,0,0,0,0,0,0,0,0,0,0,0,0,0,0,0,0,0,0,0,0,0,0,0,0,1
75,2021-04-16 08:00:00,NYSE,2021-Q1,PPG,8350,0,0,0.0,0,0.0,0,0.0,0.0,0,0,0,0,0,0,0,0,0,0,0,0,0,0,0,0,0,0,0,0,0,0,0,0,0,0,0,0
76,2021-05-06 16:30:00,NYSE,2021-Q1,AL,10500,3,3,0.28571428571428575,0,0.0,0,0.0,0.28571428571428575,3,0,0,0,0,0,0,0,0,0,0,0,0,0,0,0,0,0,0,0,0,0,0,0,0,0,0,0
77,2022-11-02 09:30:00,NYSE,2022-Q3,MKL,8027,9,2,0.24915908807773765,7,0.8720568082720818,0,0.0,1.1212158963498193,1,0,1,0,0,0,0,0,0,0,2,4,1,0,0,0,0,0,0,0,0,0,0,0,0,0,0,0
78,2021-01-21 12:00:00,NASDAQ,2020-Q4,INBK,6333,6,3,0.4737091425864519,2,0.31580609505763463,1,0.15790304752881731,0.9474182851729038,3,0,0,0,0,0,0,0,0,0,1,1,0,0,0,0,0,0,0,1,0,0,0,0,0,0,0,0
79,2019-10-30 11:00:00,NASDAQ,2019-Q3,AAWW,11426,7,3,0.26255907579205323,2,0.1750393838613688,2,0.1750393838613688,0.6126378435147909,2,0,0,0,0,0,1,0,0,0,0,1,1,0,0,0,0,0,0,2,0,0,0,0,0,0,0,0
80,2021-02-25 16:30:00,NASDAQ,2020-Q4,CARA,5748,1,1,0.17397355601948505,0,0.0,0,0.0,0.17397355601948505,1,0,0,0,0,0,0,0,0,0,0,0,0,0,0,0,0,0,0,0,0,0,0,0,0,0,0,0
81,2019-08-07 09:00:00,NASDAQ,2019-Q2,LILAK,4819,2,1,0.20751193193608633,0,0.0,1,0.20751193193608633,0.41502386387217266,1,0,0,0,0,0,0,0,0,0,0,0,0,0,1,0,0,0,0,0,0,0,0,0,0,0,0,0
82,2019-11-05 10:30:00,NYSE,2019-Q3,SXC,5204,1,0,0.0,1,0.1921598770176787,0,0.0,0.1921598770176787,0,0,0,0,0,0,0,0,0,0,1,0,0,0,0,0,0,0,0,0,0,0,0,0,0,0,0,0
83,2021-07-20 16:30:00,NYSE,2021-Q2,CNI,11703,5,3,0.2563445270443476,2,0.1708963513628984,0,0.0,0.427240878407246,2,0,0,0,1,0,0,0,0,0,2,0,0,0,0,0,0,0,0,0,0,0,0,0,0,0,0,0
84,2021-07-22 09:00:00,NYSE,2021-Q2,BX,8777,9,3,0.34180243819072575,6,0.6836048763814515,0,0.0,1.0254073145721772,3,0,0,0,0,0,0,0,0,0,1,2,3,0,0,0,0,0,0,0,0,0,0,0,0,0,0,0
85,2023-01-09 11:00:00,NYSE,2023-Q1,CMC,8665,6,3,0.3462204270051933,3,0.3462204270051933,0,0.0,0.6924408540103866,3,0,0,0,0,0,0,0,0,0,2,0,1,0,0,0,0,0,0,0,0,0,0,0,0,0,0,0
86,2021-07-22 18:00:00,NASDAQ,2021-Q2,SIVB,7507,9,3,0.39962701478619955,6,0.7992540295723991,0,0.0,1.1988810443585987,2,0,0,0,1,0,0,0,0,0,2,4,0,0,0,0,0,0,0,0,0,0,0,0,0,0,0,0
87,2021-02-11 10:00:00,NYSE,2020-Q4,GNRC,13070,3,3,0.22953328232593725,0,0.0,0,0.0,0.22953328232593725,2,0,0,0,1,0,0,0,0,0,0,0,0,0,0,0,0,0,0,0,0,0,0,0,0,0,0,0
88,2021-02-02 07:30:00,NYSE,2021-Q3,BABA,8047,24,1,0.12426991425375916,23,2.8582080278364606,0,0.0,2.98247794209022,1,0,0,0,0,0,0,0,0,0,12,9,2,0,0,0,0,0,0,0,0,0,0,0,0,0,0,0
89,2021-03-17 16:30:00,NASDAQ,2020-Q4,CTIC,3400,0,0,0.0,0,0.0,0,0.0,0.0,0,0,0,0,0,0,0,0,0,0,0,0,0,0,0,0,0,0,0,0,0,0,0,0,0,0,0,0
90,2022-08-09 16:30:00,NASDAQ,2022-Q2,OPRX,7804,3,2,0.25627883136852897,1,0.12813941568426448,0,0.0,0.3844182470527935,2,0,0,0,0,0,0,0,0,0,0,1,0,0,0,0,0,0,0,0,0,0,0,0,0,0,0,0
91,2019-07-24 17:00:00,NASDAQ,2020-Q1,XLNX,9199,8,3,0.32612240460919667,5,0.5435373410153277,0,0.0,0.8696597456245244,2,0,0,0,1,0,0,0,0,0,0,4,1,0,0,0,0,0,0,0,0,0,0,0,0,0,0,0
92,2020-11-06 09:00:00,NYSE,2021-Q2,MOD,5652,4,3,0.5307855626326964,1,0.17692852087756547,0,0.0,0.7077140835102619,3,0,0,0,0,0,0,0,0,0,1,0,0,0,0,0,0,0,0,0,0,0,0,0,0,0,0,0
93,2020-08-06 09:00:00,NASDAQ,2020-Q2,LAMR,3486,1,1,0.28686173264486514,0,0.0,0,0.0,0.28686173264486514,0,0,0,0,1,0,0,0,0,0,0,0,0,0,0,0,0,0,0,0,0,0,0,0,0,0,0,0
94,2021-04-20 09:00:00,NYSE,2021-Q1,TRV,9320,13,5,0.5364806866952789,7,0.7510729613733906,1,0.10729613733905578,1.3948497854077253,5,0,0,0,0,0,0,0,0,0,2,4,1,0,0,0,0,0,0,0,0,0,0,1,0,0,0,0
95,2021-02-17 16:30:00,NASDAQ,2020-Q4,LOPE,8334,9,0,0.0,8,0.9599232061435086,1,0.11999040076793857,1.0799136069114472,0,0,0,0,0,0,0,0,0,0,3,0,5,1,0,0,0,0,0,0,0,0,0,0,0,0,0,0
96,2021-05-12 21:00:00,NYSE,2021-Q1,OCFT,6591,1,1,0.15172204521316945,0,0.0,0,0.0,0.15172204521316945,1,0,0,0,0,0,0,0,0,0,0,0,0,0,0,0,0,0,0,0,0,0,0,0,0,0,0,0
97,2021-02-09 17:00:00,NYSE,2020-Q4,AYX,9418,23,6,0.6370779358674877,9,0.9556169038012318,8,0.8494372478233171,2.4421320874920367,5,0,0,0,1,0,0,1,0,0,3,4,1,6,2,0,0,0,0,0,0,0,0,0,0,0,0,0
98,2021-02-12 10:00:00,NYSE,2020-Q4,HUN,10036,2,2,0.19928258270227184,0,0.0,0,0.0,0.19928258270227184,2,0,0,0,0,0,0,0,0,0,0,0,0,0,0,0,0,0,0,0,0,0,0,0,0,0,0,0
99,2021-03-02 09:00:00,NYSE,2020-Q4,TGT,21262,37,5,0.23516132066597686,32,1.5050324522622518,0,0.0,1.7401937729282286,3,0,0,0,0,1,1,0,0,0,15,11,6,0,0,0,0,0,0,0,0,0,0,0,0,0,0,0
100,2022-03-03 05:00:00,NYSE,2021-Q4,SBSW,16913,4,3,0.17737834801631883,1,0.059126116005439606,0,0.0,0.23650446402175843,2,0,0,0,1,0,0,0,0,0,1,0,0,0,0,0,0,0,0,0,0,0,0,0,0,0,0,0
101,2020-08-06 09:30:00,(NYSE,2020-Q2,STNG),11332,2,2,0.17649135192375573,0,0.0,0,0.0,0.17649135192375573,2,0,0,0,0,0,0,0,0,0,0,0,0,0,0,0,0,0,0,0,0,0,0,0,0,0,0,0
102,2019-10-31 11:00:00,NYSE,2019-Q3,WWE,9208,8,2,0.21720243266724587,5,0.5430060816681147,1,0.10860121633362294,0.8688097306689835,1,0,0,0,0,0,1,0,0,0,1,3,1,1,0,0,0,0,0,0,0,0,0,0,0,0,0,0
103,2021-04-28 07:00:00,NYSE,2021-Q1,DB,14529,2,1,0.06882786151834262,0,0.0,1,0.06882786151834262,0.13765572303668525,1,0,0,0,0,0,0,0,0,0,0,0,0,1,0,0,0,0,0,0,0,0,0,0,0,0,0,0
104,2021-06-08 08:00:00,NYSE,2021-Q1,CHS,4668,3,2,0.42844901456726653,0,0.0,1,0.21422450728363326,0.6426735218508997,2,0,0,0,0,0,0,0,0,0,0,0,0,0,0,1,0,0,0,0,0,0,0,0,0,0,0,0
105,2021-05-04 17:00:00,NASDAQ,2021-Q3,MRCY,7994,8,1,0.12509382036527394,6,0.7505629221916438,1,0.12509382036527394,1.0007505629221916,1,0,0,0,0,0,0,0,0,0,3,2,1,1,0,0,0,0,0,0,0,0,0,0,0,0,0,0
106,2021-06-02 17:00:00,NYSE,2021-Q4,AI,10708,9,3,0.28016436309301457,6,0.5603287261860291,0,0.0,0.8404930892790436,3,0,0,0,0,0,0,1,0,0,2,2,1,0,0,0,0,0,0,0,0,0,0,0,0,0,0,0
107,2021-02-01 10:00:00,NYSE,2020-Q4,OTIS,8564,0,0,0.0,0,0.0,0,0.0,0.0,0,0,0,0,0,0,0,0,0,0,0,0,0,0,0,0,0,0,0,0,0,0,0,0,0,0,0,0
108,2021-04-29 09:00:00,NYSE,2021-Q1,FCN,8181,11,6,0.7334066740007334,5,0.6111722283339445,0,0.0,1.344578902334678,6,0,0,0,0,0,0,0,0,0,4,0,1,0,0,0,0,0,0,0,0,0,0,0,0,0,0,0
109,2021-07-09 12:00:00,NASDAQ,2021-Q3,PSMT,5214,5,0,0.0,5,0.9589566551591868,0,0.0,0.9589566551591868,0,0,0,0,0,0,0,0,0,0,2,3,0,0,0,0,0,0,0,0,0,0,0,0,0,0,0,0
110,2022-05-04 08:30:00,NASDAQ,2022-Q3,LITE,8553,16,15,1.75377060680463,1,0.11691804045364199,0,0.0,1.8706886472582718,1,0,0,13,0,1,0,0,0,0,1,0,0,0,0,0,0,0,0,0,0,0,0,0,0,0,0,0
111,2021-08-05 17:00:00,NASDAQ,2021-Q2,HCAT,9749,10,5,0.5128731151913016,5,0.5128731151913016,0,0.0,1.0257462303826033,5,0,0,0,0,0,0,0,0,0,2,3,0,0,0,0,0,0,0,0,0,0,0,0,0,0,0,0
112,2021-04-19 08:30:00,NYSE,2021-Q1,KO,10362,15,7,0.6755452615325227,8,0.7720517274657401,0,0.0,1.447596988998263,6,0,0,0,1,0,0,0,0,0,4,4,0,0,0,0,0,0,0,0,0,0,0,0,0,0,0,0
113,2021-02-23 08:30:00,NASDAQ,2020-Q4,CMLS,4396,9,9,2.0473157415832577,0,0.0,0,0.0,2.0473157415832577,8,0,0,0,0,0,1,0,0,0,0,0,0,0,0,0,0,0,0,0,0,0,0,0,0,0,0,0
114,2021-08-11 08:00:00,(NYSE,2021-Q2,ATC),7281,6,2,0.2746875429199286,4,0.5493750858398572,0,0.0,0.8240626287597858,2,0,0,0,0,0,0,0,0,0,3,1,0,0,0,0,0,0,0,0,0,0,0,0,0,0,0,0
115,2021-02-17 17:00:00,NASDAQ,2020-Q4,TLRY,8848,2,1,0.11301989150090415,0,0.0,1,0.11301989150090415,0.2260397830018083,1,0,0,0,0,0,0,0,0,0,0,0,0,1,0,0,0,0,0,0,0,0,0,0,0,0,0,0
116,2019-11-18 08:00:00,NYSE,2019-Q3,CTK,3668,5,0,0.0,5,1.3631406761177753,0,0.0,1.3631406761177753,0,0,0,0,0,0,0,0,0,0,3,2,0,0,0,0,0,0,0,0,0,0,0,0,0,0,0,0
117,2021-03-11 17:00:00,NYSE,2021-Q4,ZUO,6815,4,0,0.0,3,0.4402054292002935,1,0.1467351430667645,0.586940572267058,0,0,0,0,0,0,0,0,0,0,2,0,1,1,0,0,0,0,0,0,0,0,0,0,0,0,0,0
118,2020-05-26 17:00:00,NYSE,2020-Q1,OOMA,8080,1,1,0.12376237623762376,0,0.0,0,0.0,0.12376237623762376,1,0,0,0,0,0,0,0,0,0,0,0,0,0,0,0,0,0,0,0,0,0,0,0,0,0,0,0
119,2021-04-29 17:00:00,NASDAQ,2021-Q1,MVIS,11345,8,7,0.617011899515205,1,0.08814455707360071,0,0.0,0.7051564565888057,7,0,0,0,0,0,0,0,0,0,0,1,0,0,0,0,0,0,0,0,0,0,0,0,0,0,0,0
120,2021-02-11 17:00:00,NASDAQ,2020-Q4,BJRI,10742,11,6,0.5585552038726495,5,0.4654626698938745,0,0.0,1.024017873766524,6,0,0,0,0,0,0,0,0,0,5,0,0,0,0,0,0,0,0,0,0,0,0,0,0,0,0,0
121,2021-07-27 08:30:00,NASDAQ,2021-Q2,AGNC,8910,1,1,0.1122334455667789,0,0.0,0,0.0,0.1122334455667789,1,0,0,0,0,0,0,0,0,0,0,0,0,0,0,0,0,0,0,0,0,0,0,0,0,0,0,0
122,2021-08-06 14:30:00,NASDAQ,2021-Q2,LHCG,11485,13,7,0.6094906399651719,6,0.5224205485415759,0,0.0,1.1319111885067479,6,0,0,0,0,0,1,0,0,0,0,1,5,0,0,0,0,0,0,0,0,0,0,0,0,0,0,0
123,2022-11-07 16:30:00,NASDAQ,2023-Q2,TTWO,10595,13,10,0.9438414346389807,3,0.2831524303916942,0,0.0,1.2269938650306749,9,0,0,0,1,0,0,0,0,0,2,1,0,0,0,0,0,0,0,0,0,0,0,0,0,0,0,0
124,2022-10-27 17:30:00,NASDAQ,2022-Q3,AMZN,5242,3,1,0.19076688286913393,2,0.38153376573826786,0,0.0,0.5723006486074017,0,0,0,0,0,0,1,0,0,0,1,1,0,0,0,0,0,0,0,0,0,0,0,0,0,0,0,0
125,,NASDAQ,2018-Q4,BCOR,8701,9,7,0.8045052292839903,1,0.11492931846914148,1,0.11492931846914148,1.0343638662222734,6,0,0,0,0,0,1,0,0,0,0,0,1,0,0,1,0,0,0,0,0,0,0,0,0,0,0,0
126,2021-11-08 04:00:00,NASDAQ,2021-Q3,IMOS,2546,1,0,0.0,1,0.3927729772191674,0,0.0,0.3927729772191674,0,0,0,0,0,0,0,0,0,0,0,0,1,0,0,0,0,0,0,0,0,0,0,0,0,0,0,0
127,2021-02-18 17:00:00,NASDAQ,2020-Q4,ROKU,9718,23,2,0.20580366330520683,21,2.160938464704672,0,0.0,2.3667421280098786,2,0,0,0,0,0,0,0,0,0,8,10,3,0,0,0,0,0,0,0,0,0,0,0,0,0,0,0
128,2021-02-26 20:30:00,NASDAQ,2020-Q4,CGEN,11380,5,4,0.351493848857645,1,0.08787346221441125,0,0.0,0.43936731107205623,4,0,0,0,0,0,0,0,0,0,1,0,0,0,0,0,0,0,0,0,0,0,0,0,0,0,0,0
129,2021-02-04 16:30:00,NYSE,2020-Q4,ONTO,6868,2,1,0.14560279557367503,1,0.14560279557367503,0,0.0,0.29120559114735006,1,0,0,0,0,0,0,0,0,0,0,1,0,0,0,0,0,0,0,0,0,0,0,0,0,0,0,0
130,2022-11-08 09:00:00,NASDAQ,2022-Q3,MNKD,7753,9,3,0.38694698826260804,5,0.6449116471043468,1,0.12898232942086935,1.1608409647878242,1,0,0,0,2,0,0,0,0,0,5,0,0,1,0,0,0,0,0,0,0,0,0,0,0,0,0,0
131,2021-05-07 20:00:00,NYSE,2021-Q1,HR,11699,10,5,0.4273869561500983,5,0.4273869561500983,0,0.0,0.8547739123001966,5,0,0,0,0,0,0,0,0,0,3,2,0,0,0,0,0,0,0,0,0,0,0,0,0,0,0,0
132,2021-02-25 10:00:00,NYSE,2020-Q4,CLF,8922,18,4,0.44832997085855186,11,1.2329074198610177,3,0.3362474781439139,2.017484868863484,1,0,0,0,2,0,1,0,0,0,4,4,3,1,0,2,0,0,0,0,0,0,0,0,0,0,0,0
133,2021-04-28 08:00:00,NYSE,2021-Q1,SIX,8641,6,2,0.23145469274389538,2,0.23145469274389538,2,0.23145469274389538,0.6943640782316861,1,0,0,0,1,0,0,0,0,0,1,1,0,1,0,0,0,0,0,0,0,0,1,0,0,0,0,0
134,2021-02-03 17:00:00,NASDAQ,2020-Q4,SITM,4814,0,0,0.0,0,0.0,0,0.0,0.0,0,0,0,0,0,0,0,0,0,0,0,0,0,0,0,0,0,0,0,0,0,0,0,0,0,0,0,0
135,2021-05-06 17:00:00,NASDAQ,2021-Q1,OLED,5682,6,1,0.17599436818021824,3,0.5279831045406547,2,0.3519887363604365,1.0559662090813093,0,0,0,0,0,0,1,0,0,0,1,1,1,0,0,0,0,0,0,0,0,0,2,0,0,0,0,0
136,2022-11-09 09:00:00,NASDAQ,2023-Q1,COHR,11481,16,12,1.0452051215050953,3,0.2613012803762738,1,0.08710042679209128,1.3936068286734604,2,0,0,10,0,0,0,0,0,0,3,0,0,0,0,1,0,0,0,0,0,0,0,0,0,0,0,0
137,2021-10-29 10:00:00,NYSE,2021-Q3,ABR,7452,3,2,0.2683843263553409,1,0.13419216317767044,0,0.0,0.4025764895330113,2,0,0,0,0,0,0,0,0,0,0,1,0,0,0,0,0,0,0,0,0,0,0,0,0,0,0,0
138,2021-06-23 10:00:00,NYSE,2021-Q3,WGO,11205,10,4,0.35698348951361,6,0.535475234270415,0,0.0,0.8924587237840249,3,0,0,0,1,0,0,0,0,0,4,2,0,0,0,0,0,0,0,0,0,0,0,0,0,0,0,0
139,2021-02-03 13:00:00,NYSE,2020-Q4,APAM,6691,15,1,0.14945449110745776,14,2.092362875504409,0,0.0,2.241817366611867,1,0,0,0,0,0,0,0,0,0,4,8,2,0,0,0,0,0,0,0,0,0,0,0,0,0,0,0
140,2020-10-28 17:00:00,NASDAQ,2020-Q4,CASH,5233,1,0,0.0,1,0.19109497420217847,0,0.0,0.19109497420217847,0,0,0,0,0,0,0,0,0,0,1,0,0,0,0,0,0,0,0,0,0,0,0,0,0,0,0,0
141,2019-04-25 08:30:00,NYSE,2019-Q1,MSA,4626,4,1,0.21616947686986596,3,0.648508430609598,0,0.0,0.8646779074794638,1,0,0,0,0,0,0,0,0,0,3,0,0,0,0,0,0,0,0,0,0,0,0,0,0,0,0,0
142,2019-10-24 10:00:00,NYSE,2019-Q3,GPI,6627,3,1,0.1508978421608571,2,0.3017956843217142,0,0.0,0.4526935264825713,1,0,0,0,0,0,0,0,0,0,1,0,1,0,0,0,0,0,0,0,0,0,0,0,0,0,0,0
143,2021-08-11 08:00:00,NYSE,2021-Q2,CYD,3559,1,0,0.0,1,0.2809778027535825,0,0.0,0.2809778027535825,0,0,0,0,0,0,0,0,0,0,0,1,0,0,0,0,0,0,0,0,0,0,0,0,0,0,0,0
144,2020-08-10 08:30:00,NASDAQ,2020-Q2,ICPT,8638,5,1,0.11576753878212549,2,0.23153507756425099,2,0.23153507756425099,0.5788376939106274,1,0,0,0,0,0,0,0,1,0,1,0,0,0,0,0,0,0,0,0,0,2,0,0,0,0,0,0
145,2021-02-26 22:00:00,NASDAQ,2020-Q4,ZEUS,6472,1,1,0.1545117428924598,0,0.0,0,0.0,0.1545117428924598,0,0,0,0,1,0,0,0,0,0,0,0,0,0,0,0,0,0,0,0,0,0,0,0,0,0,0,0
146,2021-02-25 16:30:00,NASDAQ,2020-Q4,VLDR,7896,2,1,0.12664640324214793,1,0.12664640324214793,0,0.0,0.25329280648429586,1,0,0,0,0,0,0,0,0,0,0,0,1,0,0,0,0,0,0,0,0,0,0,0,0,0,0,0
147,2021-07-14 11:30:00,NYSE,2021-Q2,WFC,11981,6,4,0.33386194808446706,1,0.08346548702111677,1,0.08346548702111677,0.5007929221267007,2,0,0,0,2,0,0,0,0,0,1,0,0,1,0,0,0,0,0,0,0,0,0,0,0,0,0,0
148,2020-07-30 08:30:00,NYSEMKT,2020-Q2,NGD,3705,0,0,0.0,0,0.0,0,0.0,0.0,0,0,0,0,0,0,0,0,0,0,0,0,0,0,0,0,0,0,0,0,0,0,0,0,0,0,0,0
149,2021-05-06 10:00:00,NYSE,2021-Q1,PRI,4003,4,0,0.0,4,0.9992505620784412,0,0.0,0.9992505620784412,0,0,0,0,0,0,0,0,0,0,1,0,3,0,0,0,0,0,0,0,0,0,0,0,0,0,0,0
150,2021-04-28 08:30:00,NYSE,2021-Q1,CB,7583,7,6,0.7912435711459844,1,0.13187392852433075,0,0.0,0.9231174996703152,5,0,0,0,1,0,0,0,0,0,0,1,0,0,0,0,0,0,0,0,0,0,0,0,0,0,0,0
151,2021-02-18 16:30:00,NYSE,2020-Q4,ANET,10568,4,2,0.18925056775170326,2,0.18925056775170326,0,0.0,0.3785011355034065,2,0,0,0,0,0,0,0,0,0,1,1,0,0,0,0,0,0,0,0,0,0,0,0,0,0,0,0
152,2021-03-09 17:00:00,NASDAQ,2020-Q4,ARRY,7647,14,5,0.6538511834706421,9,1.1769321302471558,0,0.0,1.8307833137177978,3,0,0,0,0,2,0,0,0,0,2,6,1,0,0,0,0,0,0,0,0,0,0,0,0,0,0,0
153,2022-10-13 02:00:00,NYSE,2022-Q3,TSM,9988,5,1,0.1001201441730076,4,0.4004805766920304,0,0.0,0.500600720865038,1,0,0,0,0,0,0,0,0,0,4,0,0,0,0,0,0,0,0,0,0,0,0,0,0,0,0,0
154,,NYSE,2018-Q4,HMLP,4158,3,3,0.7215007215007215,0,0.0,0,0.0,0.7215007215007215,3,0,0,0,0,0,0,0,0,0,0,0,0,0,0,0,0,0,0,0,0,0,0,0,0,0,0,0
155,2021-08-02 11:00:00,NYSE,2021-Q2,ITCB,5023,4,0,0.0,0,0.0,4,0.7963368504877563,0.7963368504877563,0,0,0,0,0,0,0,0,0,0,0,0,0,0,3,1,0,0,0,0,0,0,0,0,0,0,0,0
156,2022-05-04 17:00:00,NASDAQ,2022-Q1,SEER,5238,3,1,0.19091256204658266,1,0.19091256204658266,1,0.19091256204658266,0.5727376861397481,1,0,0,0,0,0,0,0,0,0,1,0,0,1,0,0,0,0,0,0,0,0,0,0,0,0,0,0
157,2021-01-25 10:00:00,NYSE,2020-Q4,KMB,10677,11,2,0.18731853516905497,9,0.8429334082607474,0,0.0,1.0302519434298025,2,0,0,0,0,0,0,0,0,0,3,2,4,0,0,0,0,0,0,0,0,0,0,0,0,0,0,0
158,2020-08-13 11:30:00,NASDAQ,2020-Q2,GMLP,8368,6,5,0.5975143403441683,0,0.0,1,0.11950286806883365,0.717017208413002,5,0,0,0,0,0,0,0,0,0,0,0,0,0,1,0,0,0,0,0,0,0,0,0,0,0,0,0
159,2023-01-05 10:30:00,NYSE,2023-Q3,STZ,12242,5,2,0.163371998039536,3,0.245057997059304,0,0.0,0.40842999509884004,0,0,0,0,1,0,1,0,0,0,3,0,0,0,0,0,0,0,0,0,0,0,0,0,0,0,0,0
160,2021-05-06 17:00:00,NASDAQ,2021-Q1,GPRO,4492,3,3,0.6678539626001782,0,0.0,0,0.0,0.6678539626001782,2,0,0,0,1,0,0,0,0,0,0,0,0,0,0,0,0,0,0,0,0,0,0,0,0,0,0,0
161,,NYSE,2019-Q1,ACM,8834,7,4,0.4527960153950645,3,0.3395970115462984,0,0.0,0.7923930269413629,3,0,0,0,0,0,1,0,0,0,1,0,2,0,0,0,0,0,0,0,0,0,0,0,0,0,0,0
162,2021-04-29 09:00:00,NYSE,2021-Q2,VVV,9008,11,5,0.5550621669626998,6,0.6660746003552398,0,0.0,1.2211367673179396,4,0,0,0,1,0,0,0,0,0,2,2,2,0,0,0,0,0,0,0,0,0,0,0,0,0,0,0
163,2022-02-03 17:00:00,NYSE,2021-Q4,SNAP,11225,28,1,0.08908685968819599,24,2.1380846325167036,3,0.26726057906458794,2.494432071269488,1,0,0,0,0,0,0,0,0,0,9,12,3,0,2,0,0,0,0,0,0,1,0,0,0,0,0,0
164,2021-05-26 17:00:00,NASDAQ,2022-Q1,OKTA,13443,15,4,0.2975526296213643,10,0.7438815740534107,1,0.07438815740534108,1.1158223610801161,4,0,0,0,0,0,0,0,0,0,8,2,0,0,0,1,0,0,0,0,0,0,0,0,0,0,0,0
165,2022-03-09 17:00:00,NASDAQ,2021-Q4,TIG,5069,4,1,0.19727756954034326,3,0.5918327086210299,0,0.0,0.789110278161373,1,0,0,0,0,0,0,0,0,0,2,0,1,0,0,0,0,0,0,0,0,0,0,0,0,0,0,0
166,2021-02-09 16:30:00,NYSE,2020-Q4,NCR,9400,6,3,0.3191489361702127,3,0.3191489361702127,0,0.0,0.6382978723404255,2,0,0,0,1,0,0,0,0,0,2,1,0,0,0,0,0,0,0,0,0,0,0,0,0,0,0,0
167,2021-01-28 14:00:00,NYSE,2020-Q4,NUE,9934,6,4,0.40265753976243207,2,0.20132876988121604,0,0.0,0.6039863096436481,4,0,0,0,0,0,0,0,0,0,0,1,1,0,0,0,0,0,0,0,0,0,0,0,0,0,0,0
168,2020-08-04 16:30:00,NYSE,2020-Q3,DIS,9743,9,5,0.5131889561736632,4,0.4105511649389305,0,0.0,0.9237401211125936,4,0,0,0,1,0,0,0,0,0,3,1,0,0,0,0,0,0,0,0,0,0,0,0,0,0,0,0
169,2021-02-25 16:30:00,NYSE,2020-Q4,MED,4382,2,0,0.0,2,0.45641259698767683,0,0.0,0.45641259698767683,0,0,0,0,0,0,0,0,0,0,1,1,0,0,0,0,0,0,0,0,0,0,0,0,0,0,0,0
170,2022-11-02 08:00:00,NYSE,2022-Q3,UNM,11318,5,4,0.35341933203746245,1,0.08835483300936561,0,0.0,0.4417741650468281,0,0,0,0,4,0,0,0,0,0,1,0,0,0,0,0,0,0,0,0,0,0,0,0,0,0,0,0
171,2021-02-10 08:00:00,NASDAQ,2020-Q4,CRTO,9189,14,3,0.32647730982696704,6,0.6529546196539341,5,0.5441288497116117,1.5235607791925128,1,0,0,0,2,0,0,0,0,0,3,2,1,3,2,0,0,0,0,0,0,0,0,0,0,0,0,0
172,2021-02-10 09:00:00,NYSE,2020-Q4,CCK,10507,11,9,0.8565718092700104,2,0.1903492909488912,0,0.0,1.0469211002189016,9,0,0,0,0,0,0,0,0,0,1,0,1,0,0,0,0,0,0,0,0,0,0,0,0,0,0,0
173,2021-02-23 16:30:00,NASDAQ,2020-Q4,PODD,11018,13,1,0.0907605736068252,11,0.9983663096750771,1,0.0907605736068252,1.1798874568887274,1,0,0,0,0,0,0,0,0,0,7,2,2,0,1,0,0,0,0,0,0,0,0,0,0,0,0,0
174,2021-07-20 10:00:00,NASDAQ,2021-Q2,SBNY,7538,13,8,1.061289466702043,4,0.5306447333510215,1,0.13266118333775537,1.7245953833908199,7,0,0,0,1,0,0,0,0,0,2,2,0,0,0,1,0,0,0,0,0,0,0,0,0,0,0,0
175,2021-04-28 08:00:00,NYSE,2021-Q1,SPOT,7564,6,3,0.3966155473294553,3,0.3966155473294553,0,0.0,0.7932310946589106,2,0,0,1,0,0,0,0,0,0,1,2,0,0,0,0,0,0,0,0,0,0,0,0,0,0,0,0
176,2021-05-13 16:30:00,NYSE,2021-Q2,DIS,9354,1,1,0.10690613641223005,0,0.0,0,0.0,0.10690613641223005,1,0,0,0,0,0,0,0,0,0,0,0,0,0,0,0,0,0,0,0,0,0,0,0,0,0,0,0
177,2020-08-13 17:00:00,NASDAQ,2020-Q2,PAYS,4172,1,0,0.0,1,0.23969319271332692,0,0.0,0.23969319271332692,0,0,0,0,0,0,0,0,0,0,1,0,0,0,0,0,0,0,0,0,0,0,0,0,0,0,0,0
178,2020-06-02 16:30:00,NASDAQ,2020-Q4,APPS,6240,1,1,0.16025641025641027,0,0.0,0,0.0,0.16025641025641027,1,0,0,0,0,0,0,0,0,0,0,0,0,0,0,0,0,0,0,0,0,0,0,0,0,0,0,0
179,2021-10-19 09:00:00,NASDAQ,2021-Q3,SBNY,8321,10,3,0.3605335897127749,7,0.8412450426631415,0,0.0,1.2017786323759163,3,0,0,0,0,0,0,0,0,0,4,3,0,0,0,0,0,0,0,0,0,0,0,0,0,0,0,0
180,2021-07-29 09:00:00,NASDAQ,2021-Q2,CHDN,9803,19,2,0.20401917780271345,12,1.2241150668162808,5,0.5100479445067837,1.9381821891257778,2,0,0,0,0,0,0,0,0,0,8,2,2,4,0,0,0,0,0,0,0,0,1,0,0,0,0,0
181,2021-02-11 08:30:00,NASDAQ,2020-Q4,VIRT,11947,11,4,0.33481208671633045,7,0.5859211517535783,0,0.0,0.9207332384699087,3,0,0,0,1,0,0,0,0,0,4,1,2,0,0,0,0,0,0,0,0,0,0,0,0,0,0,0
182,2021-01-27 16:30:00,NYSE,2020-Q4,SYK,12681,2,1,0.07885813421654443,1,0.07885813421654443,0,0.0,0.15771626843308886,0,0,0,0,1,0,0,0,0,0,0,0,1,0,0,0,0,0,0,0,0,0,0,0,0,0,0,0
183,2021-02-23 04:30:00,NYSE,2020-Q4,IHG,14861,29,13,0.8747728954982842,16,1.0766435636901959,0,0.0,1.95141645918848,2,7,0,0,4,0,0,0,0,0,9,6,1,0,0,0,0,0,0,0,0,0,0,0,0,0,0,0
184,2022-03-01 07:30:00,NYSE,2021-Q4,SE,7283,12,1,0.13730605519703418,11,1.510366607167376,0,0.0,1.6476726623644102,0,0,0,0,0,0,1,0,0,0,5,5,1,0,0,0,0,0,0,0,0,0,0,0,0,0,0,0
185,2021-05-12 17:00:00,NYSE,2021-Q1,AMWL,11997,3,1,0.08335417187630241,2,0.16670834375260482,0,0.0,0.25006251562890724,1,0,0,0,0,0,0,0,0,0,2,0,0,0,0,0,0,0,0,0,0,0,0,0,0,0,0,0
186,2020-06-10 11:00:00,NYSE,2020-Q3,IRS,6612,2,2,0.3024803387779795,0,0.0,0,0.0,0.3024803387779795,1,0,0,0,1,0,0,0,0,0,0,0,0,0,0,0,0,0,0,0,0,0,0,0,0,0,0,0
187,2021-04-28 08:00:00,NASDAQ,2021-Q1,SIRI,6621,2,0,0.0,2,0.30206917384080956,0,0.0,0.30206917384080956,0,0,0,0,0,0,0,0,0,0,1,1,0,0,0,0,0,0,0,0,0,0,0,0,0,0,0,0
188,2021-02-23 17:00:00,NYSE,2020-Q4,SQ,9140,18,1,0.10940919037199125,17,1.859956236323851,0,0.0,1.9693654266958425,1,0,0,0,0,0,0,0,0,0,9,5,3,0,0,0,0,0,0,0,0,0,0,0,0,0,0,0
189,2022-02-16 17:30:00,NASDAQ,2021-Q4,EQIX,10426,4,0,0.0,3,0.2877421830040284,1,0.0959140610013428,0.3836562440053712,0,0,0,0,0,0,0,0,0,0,0,0,3,0,1,0,0,0,0,0,0,0,0,0,0,0,0,0
190,2021-05-06 10:00:00,NYSE,2021-Q1,CARS,6702,6,2,0.29841838257236647,4,0.5968367651447329,0,0.0,0.8952551477170994,2,0,0,0,0,0,0,0,0,0,3,0,1,0,0,0,0,0,0,0,0,0,0,0,0,0,0,0
191,2020-01-30 08:30:00,NYSE,2020-Q2,CACI,10871,18,8,0.7359028608223714,10,0.9198785760279643,0,0.0,1.6557814368503356,4,0,0,0,1,0,3,0,0,0,5,5,0,0,0,0,0,0,0,0,0,0,0,0,0,0,0,0
192,2021-05-12 17:00:00,NASDAQ,2021-Q1,FOSL,3944,5,0,0.0,3,0.7606490872210954,2,0.5070993914807302,1.2677484787018256,0,0,0,0,0,0,0,0,0,0,2,1,0,2,0,0,0,0,0,0,0,0,0,0,0,0,0,0
193,2021-11-04 08:30:00,NASDAQ,2021-Q3,GOGO,10583,10,2,0.18898233015213078,8,0.7559293206085231,0,0.0,0.9449116507606539,1,0,0,0,1,0,0,0,0,0,6,1,1,0,0,0,0,0,0,0,0,0,0,0,0,0,0,0
194,2021-02-16 09:00:00,NASDAQ,2020-Q4,SABR,7876,6,3,0.3809040121889284,3,0.3809040121889284,0,0.0,0.7618080243778568,0,0,0,0,3,0,0,1,0,0,1,1,0,0,0,0,0,0,0,0,0,0,0,0,0,0,0,0
195,2021-03-04 08:30:00,NASDAQ,2020-Q4,SDGR,6868,6,0,0.0,5,0.7280139778683751,1,0.14560279557367503,0.8736167734420501,0,0,0,0,0,0,0,0,0,0,2,3,0,0,1,0,0,0,0,0,0,0,0,0,0,0,0,0
196,2022-03-01 11:00:00,NYSE,2021-Q4,HGV,9074,3,1,0.11020498126515318,1,0.11020498126515318,1,0.11020498126515318,0.3306149437954595,1,0,0,0,0,0,0,0,0,0,1,0,0,1,0,0,0,0,0,0,0,0,0,0,0,0,0,0
197,2021-02-10 09:00:00,NYSE,2020-Q4,TWO,6830,2,2,0.29282576866764276,0,0.0,0,0.0,0.29282576866764276,2,0,0,0,0,0,0,0,0,0,0,0,0,0,0,0,0,0,0,0,0,0,0,0,0,0,0,0
198,2021-11-10 17:00:00,NYSE,2021-Q3,MAX,3365,3,1,0.2971768202080238,2,0.5943536404160475,0,0.0,0.8915304606240713,1,0,0,0,0,0,0,1,0,0,1,0,0,0,0,0,0,0,0,0,0,0,0,0,0,0,0,0
199,2021-08-05 17:00:00,NASDAQ,2021-Q2,TPIC,6322,1,1,0.15817779183802594,0,0.0,0,0.0,0.15817779183802594,1,0,0,0,0,0,0,0,0,0,0,0,0,0,0,0,0,0,0,0,0,0,0,0,0,0,0,0
200,2021-03-30 16:30:00,NASDAQ,2020-Q4,LULU,9214,21,2,0.21706099413935315,19,2.0620794443238553,0,0.0,2.2791404384632084,1,0,0,0,1,0,0,0,0,0,10,9,0,0,0,0,0,0,0,0,0,0,0,0,0,0,0,0
201,2021-03-25 08:30:00,OTC,2020-Q4,CWBHF,8587,4,2,0.232910213112845,2,0.232910213112845,0,0.0,0.46582042622569,2,0,0,0,0,0,0,0,0,0,1,1,0,0,0,0,0,0,0,0,0,0,0,0,0,0,0,0
202,2021-08-09 09:00:00,NYSE,2021-Q2,TGNA,8594,2,1,0.11636025133814289,1,0.11636025133814289,0,0.0,0.23272050267628577,0,0,0,0,0,0,1,0,0,0,1,0,0,0,0,0,0,0,0,0,0,0,0,0,0,0,0,0
203,2021-01-12 08:00:00,NASDAQ,2021-Q1,OGI,10634,6,3,0.2821139740455144,2,0.1880759826970096,1,0.0940379913485048,0.5642279480910288,3,0,0,0,0,0,0,0,0,0,1,0,1,0,0,0,0,0,0,0,0,0,0,0,0,1,0,0
204,2020-08-06 11:00:00,NYSE,2020-Q2,CF,7860,6,5,0.6361323155216285,1,0.1272264631043257,0,0.0,0.7633587786259541,5,0,0,0,0,0,0,0,0,0,1,0,0,0,0,0,0,0,0,0,0,0,0,0,0,0,0,0
205,2021-03-24 10:00:00,NYSE,2021-Q2,WGO,10853,8,4,0.3685616880125311,4,0.3685616880125311,0,0.0,0.7371233760250622,4,0,0,0,0,0,0,0,0,0,1,2,1,0,0,0,0,0,0,0,0,0,0,0,0,0,0,0
206,2020-08-07 08:30:00,NYSE,2020-Q2,CCO,11520,9,6,0.5208333333333334,3,0.2604166666666667,0,0.0,0.78125,6,0,0,0,0,0,0,0,0,0,2,0,1,0,0,0,0,0,0,0,0,0,0,0,0,0,0,0
207,2019-07-25 09:00:00,NYSE,2019-Q2,GPI,6380,2,1,0.15673981191222572,1,0.15673981191222572,0,0.0,0.31347962382445144,1,0,0,0,0,0,0,0,0,0,0,0,1,0,0,0,0,0,0,0,0,0,0,0,0,0,0,0
208,2021-07-27 08:30:00,NYSE,2021-Q2,RTX,10147,10,4,0.394205183798167,6,0.5913077756972503,0,0.0,0.9855129594954174,0,0,0,3,1,0,0,0,0,0,2,3,1,0,0,0,0,0,0,0,0,0,0,0,0,0,0,0
209,2021-04-26 17:30:00,NASDAQ,2021-Q1,TSLA,9037,9,6,0.6639371472833905,3,0.33196857364169524,0,0.0,0.9959057209250858,6,0,0,0,0,0,0,0,0,0,1,1,1,0,0,0,0,0,0,0,0,0,0,0,0,0,0,0
210,2021-03-11 17:00:00,NASDAQ,2020-Q4,ONCT,3083,0,0,0.0,0,0.0,0,0.0,0.0,0,0,0,0,0,0,0,0,0,0,0,0,0,0,0,0,0,0,0,0,0,0,0,0,0,0,0,0
211,2021-03-02 17:00:00,NASDAQ,2020-Q4,BGFV,3409,1,0,0.0,1,0.2933411557641537,0,0.0,0.2933411557641537,0,0,0,0,0,0,0,0,0,0,1,0,0,0,0,0,0,0,0,0,0,0,0,0,0,0,0,0
212,2022-08-09 08:00:00,NYSE,2022-Q2,PLNT,11243,8,6,0.5336653917993418,1,0.08894423196655697,1,0.08894423196655697,0.7115538557324558,4,0,0,0,1,0,1,0,0,0,1,0,0,0,0,1,0,0,0,0,0,0,0,0,0,0,0,0
213,2020-08-12 09:00:00,NYSE,2020-Q4,PFGC,10563,13,4,0.37868029915743634,8,0.7573605983148727,1,0.09467007478935908,1.2307109722616683,2,0,0,0,2,0,0,0,0,2,4,1,1,0,0,0,0,0,0,0,0,0,0,0,1,0,0,0
214,2022-04-19 12:00:00,NYSE,2022-Q1,PLD,10159,4,2,0.19686977064671718,2,0.19686977064671718,0,0.0,0.39373954129343436,1,0,0,0,1,0,0,0,0,0,2,0,0,0,0,0,0,0,0,0,0,0,0,0,0,0,0,0
215,2019-06-21 09:00:00,NYSE,2020-Q1,KMX,7624,2,2,0.2623294858342078,0,0.0,0,0.0,0.2623294858342078,2,0,0,0,0,0,0,0,0,0,0,0,0,0,0,0,0,0,0,0,0,0,0,0,0,0,0,0
216,2019-08-01 17:00:00,NASDAQ,2020-Q1,QRVO,8807,4,4,0.4541841716816169,0,0.0,0,0.0,0.4541841716816169,4,0,0,0,0,0,0,0,0,0,0,0,0,0,0,0,0,0,0,0,0,0,0,0,0,0,0,0
217,2021-08-04 16:30:00,NASDAQ,2021-Q2,BNGO,7620,5,2,0.26246719160104987,0,0.0,3,0.39370078740157477,0.6561679790026247,2,0,0,0,0,0,0,0,0,0,0,0,0,3,0,0,0,0,0,0,0,0,0,0,0,0,0,0
218,2021-05-05 13:00:00,NYSE,2021-Q1,NSA,7384,3,2,0.27085590465872156,1,0.13542795232936078,0,0.0,0.40628385698808234,2,0,0,0,0,0,0,0,0,0,0,0,1,0,0,0,0,0,0,0,0,0,0,0,0,0,0,0
219,2021-08-11 17:00:00,NASDAQ,2021-Q2,MNKD,9289,2,1,0.10765421466250404,1,0.10765421466250404,0,0.0,0.21530842932500807,1,0,0,0,0,0,0,0,0,0,0,1,0,0,0,0,0,0,0,0,0,0,0,0,0,0,0,0
220,2021-04-20 10:00:00,NYSE,2021-Q1,DOV,9868,9,5,0.5066882853668423,4,0.40535062829347385,0,0.0,0.9120389136603161,3,0,0,0,1,1,0,1,0,0,1,1,1,0,0,0,0,0,0,0,0,0,0,0,0,0,0,0
221,2021-05-06 13:00:00,NASDAQ,2021-Q1,SBRA,9892,3,3,0.30327537403962795,0,0.0,0,0.0,0.30327537403962795,2,0,0,0,1,0,0,0,0,0,0,0,0,0,0,0,0,0,0,0,0,0,0,0,0,0,0,0
222,2021-05-11 08:00:00,NYSE,2021-Q1,PRGO,7769,9,1,0.12871669455528384,4,0.5148667782211354,4,0.5148667782211354,1.1584502509975545,1,0,0,0,0,0,0,0,0,0,2,1,1,2,0,0,0,1,1,0,0,0,0,0,0,0,0,0
223,2021-03-04 07:00:00,NASDAQ,2020-Q4,BZUN,7570,4,1,0.1321003963011889,2,0.2642007926023778,1,0.1321003963011889,0.5284015852047556,1,0,0,0,0,0,0,0,0,0,1,1,0,1,0,0,0,0,0,0,0,0,0,0,0,0,0,0
224,2019-05-30 11:30:00,NASDAQ,2019-Q1,CRVL,1620,0,0,0.0,0,0.0,0,0.0,0.0,0,0,0,0,0,0,0,0,0,0,0,0,0,0,0,0,0,0,0,0,0,0,0,0,0,0,0,0
225,2021-11-05 14:00:00,NASDAQ,2021-Q4,MTSI,11033,6,1,0.09063717937097797,5,0.45318589685488986,0,0.0,0.5438230762258679,1,0,0,0,0,0,0,0,0,0,1,3,1,0,0,0,0,0,0,0,0,0,0,0,0,0,0,0
226,2020-08-06 16:30:00,NASDAQ,2020-Q2,PBYI,6083,0,0,0.0,0,0.0,0,0.0,0.0,0,0,0,0,0,0,0,0,0,0,0,0,0,0,0,0,0,0,0,0,0,0,0,0,0,0,0,0
227,2022-02-01 08:30:00,NYSE,2021-Q4,UPS,9383,11,3,0.3197271661515507,6,0.6394543323031014,2,0.21315144410103376,1.1723329425556857,1,0,0,0,2,0,0,0,0,0,1,2,3,1,0,0,0,0,0,0,0,0,0,1,0,0,0,0
228,2020-08-05 17:00:00,NASDAQ,2020-Q2,ETSY,10260,9,2,0.1949317738791423,7,0.6822612085769981,0,0.0,0.8771929824561404,2,0,0,0,0,0,0,0,0,0,6,1,0,0,0,0,0,0,0,0,0,0,0,0,0,0,0,0
229,2021-02-18 10:00:00,NYSE,2020-Q4,SCL,6131,1,0,0.0,1,0.1631055292774425,0,0.0,0.1631055292774425,0,0,0,0,0,0,0,0,0,0,1,0,0,0,0,0,0,0,0,0,0,0,0,0,0,0,0,0
230,2021-04-28 14:00:00,NYSE,2021-Q1,ESS,11026,12,5,0.453473607836024,3,0.27208416470161434,4,0.36277888626881916,1.0883366588064574,5,0,0,0,0,0,0,0,0,0,2,0,1,0,0,0,0,0,0,0,3,1,0,0,0,0,0,0
231,2021-01-21 17:00:00,NASDAQ,2020-Q4,INTC,9806,12,2,0.20395676116663267,9,0.917805425249847,1,0.10197838058331633,1.223740566999796,0,0,0,0,1,1,0,1,0,0,6,1,1,1,0,0,0,0,0,0,0,0,0,0,0,0,0,0
232,2022-02-03 09:00:00,NYSE,2021-Q4,LLY,11709,10,5,0.4270219489281749,5,0.4270219489281749,0,0.0,0.8540438978563498,4,0,0,0,1,0,0,0,0,0,3,0,2,0,0,0,0,0,0,0,0,0,0,0,0,0,0,0
233,2020-08-07 08:00:00,NYSE,2020-Q3,CBT,10044,13,11,1.0951812027080845,2,0.19912385503783353,0,0.0,1.294305057745918,5,0,0,0,5,1,0,0,0,0,0,2,0,0,0,0,0,0,0,0,0,0,0,0,0,0,0,0
234,2021-11-09 08:30:00,NASDAQ,2021-Q3,EGRX,4759,3,1,0.21012817818869511,2,0.42025635637739023,0,0.0,0.6303845345660853,1,0,0,0,0,0,0,0,0,0,0,1,1,0,0,0,0,0,0,0,0,0,0,0,0,0,0,0
235,,NYSE,2018-Q4,GATX,8502,2,1,0.11761938367442955,1,0.11761938367442955,0,0.0,0.2352387673488591,1,0,0,0,0,0,0,0,0,0,0,0,1,0,0,0,0,0,0,0,0,0,0,0,0,0,0,0
236,2020-05-07 16:30:00,NASDAQ,2020-Q1,NSTG,8031,2,2,0.24903498941601296,0,0.0,0,0.0,0.24903498941601296,2,0,0,0,0,0,0,0,0,0,0,0,0,0,0,0,0,0,0,0,0,0,0,0,0,0,0,0
237,2021-03-15 16:30:00,NASDAQ,2020-Q4,VUZI,9885,7,1,0.10116337885685381,6,0.6069802731411229,0,0.0,0.7081436519979767,0,0,0,0,1,0,0,0,0,0,2,4,0,0,0,0,0,0,0,0,0,0,0,0,0,0,0,0
238,2021-05-06 09:00:00,NYSE,2021-Q1,CPE,4633,4,3,0.6475285991797971,0,0.0,1,0.2158428663932657,0.8633714655730628,3,0,0,0,0,0,0,0,0,0,0,0,0,0,0,0,0,0,0,0,0,0,1,0,0,0,0,0
239,2019-05-01 08:30:00,NYSE,2019-Q2,SBH,11503,19,2,0.17386768669042857,16,1.3909414935234286,1,0.08693384334521428,1.6517430235590715,2,0,0,0,0,0,0,0,0,0,7,7,2,0,0,0,0,0,0,0,0,0,0,0,0,0,1,0
240,2021-10-26 08:30:00,NASDAQ,2021-Q3,AGNC,6896,7,7,1.0150812064965198,0,0.0,0,0.0,1.0150812064965198,1,0,0,0,5,1,0,0,0,0,0,0,0,0,0,0,0,0,0,0,0,0,0,0,0,0,0,0
241,2021-04-09 12:00:00,NASDAQ,2021-Q2,PSMT,5737,5,0,0.0,5,0.8715356458079135,0,0.0,0.8715356458079135,0,0,0,0,0,0,0,0,0,0,2,3,0,0,0,0,0,0,0,0,0,0,0,0,0,0,0,0
242,2021-09-07 21:00:00,NASDAQ,2021-Q2,DADA,7774,3,0,0.0,2,0.2572678157962439,1,0.12863390789812196,0.3859017236943658,0,0,0,0,0,0,0,0,0,0,1,1,0,1,0,0,0,0,0,0,0,0,0,0,0,0,0,0
243,2019-05-01 16:30:00,NASDAQ,2019-Q1,FOXF,7752,9,4,0.5159958720330237,4,0.5159958720330237,1,0.12899896800825592,1.1609907120743033,4,0,0,0,0,0,0,0,0,0,4,0,0,0,0,0,0,0,0,0,0,0,0,1,0,0,0,0
244,2019-09-25 21:30:00,NYSE,2020-Q1,NKE,9664,17,2,0.20695364238410596,13,1.3451986754966887,2,0.20695364238410596,1.7591059602649008,0,0,0,2,0,0,0,0,0,0,6,5,2,1,1,0,0,0,0,0,0,0,0,0,0,0,0,0
245,2021-02-02 17:00:00,NASDAQ,2021-Q2,MRCY,8796,20,5,0.5684402000909504,15,1.7053206002728514,0,0.0,2.2737608003638017,3,0,0,0,2,0,0,0,0,0,6,8,1,0,0,0,0,0,0,0,0,0,0,0,0,0,0,0
246,2021-02-25 20:00:00,NASDAQ,2020-Q4,BILI,5176,4,1,0.19319938176197834,3,0.579598145285935,0,0.0,0.7727975270479134,0,0,0,0,1,0,0,0,0,0,3,0,0,0,0,0,0,0,0,0,0,0,0,0,0,0,0,0
247,2021-11-15 12:00:00,NYSE,2021-Q4,ACM,9514,20,3,0.3153247845280639,16,1.6817321841496742,1,0.10510826150935464,2.1021652301870923,3,0,0,0,0,0,0,0,0,0,8,7,1,0,0,0,1,0,0,0,0,0,0,0,0,0,0,0
248,2022-03-08 16:30:00,NASDAQ,2022-Q3,CDMO,4427,0,0,0.0,0,0.0,0,0.0,0.0,0,0,0,0,0,0,0,0,0,0,0,0,0,0,0,0,0,0,0,0,0,0,0,0,0,0,0,0
249,2021-10-29 08:30:00,NYSE,2021-Q3,AON,8121,19,3,0.3694126339120798,16,1.9702007141977587,0,0.0,2.3396133481098387,3,0,0,0,0,0,0,0,0,0,6,5,5,0,0,0,0,0,0,0,0,0,0,0,0,0,0,0
250,2020-07-28 16:30:00,NYSE,2020-Q1,TCS,7104,0,0,0.0,0,0.0,0,0.0,0.0,0,0,0,0,0,0,0,0,0,0,0,0,0,0,0,0,0,0,0,0,0,0,0,0,0,0,0,0
251,2021-05-14 10:30:00,NYSE,2021-Q1,PBR,7896,3,3,0.3799392097264438,0,0.0,0,0.0,0.3799392097264438,3,0,0,0,0,0,0,0,0,0,0,0,0,0,0,0,0,0,0,0,0,0,0,0,0,0,0,0
252,2020-02-27 16:30:00,NASDAQ,2019-Q4,CDXS,7885,1,0,0.0,1,0.12682308180088775,0,0.0,0.12682308180088775,0,0,0,0,0,0,0,0,0,0,1,0,0,0,0,0,0,0,0,0,0,0,0,0,0,0,0,0
253,2022-07-26 10:00:00,NASDAQ,2022-Q2,CVLG,5104,5,3,0.5877742946708464,2,0.39184952978056425,0,0.0,0.9796238244514106,2,0,0,0,1,0,0,0,0,0,0,1,1,0,0,0,0,0,0,0,0,0,0,0,0,0,0,0
254,2021-05-06 09:00:00,NASDAQ,2021-Q1,LBTYA,10468,3,3,0.2865876958349255,0,0.0,0,0.0,0.2865876958349255,2,0,0,0,1,0,0,0,0,0,0,0,0,0,0,0,0,0,0,0,0,0,0,0,0,0,0,0
255,2021-06-08 17:00:00,NASDAQ,2021-Q2,CVGW,6426,2,0,0.0,2,0.31123560535325245,0,0.0,0.31123560535325245,0,0,0,0,0,0,0,0,0,0,1,0,1,0,0,0,0,0,0,0,0,0,0,0,0,0,0,0
256,2021-02-04 16:30:00,NYSE,2020-Q4,PINS,9311,18,3,0.3221995489206315,15,1.6109977446031576,0,0.0,1.933197293523789,3,0,0,0,0,0,0,0,0,0,8,6,1,0,0,0,0,0,0,0,0,0,0,0,0,0,0,0
257,2019-11-12 11:00:00,NASDAQ,2019-Q3,EBIX,9134,2,0,0.0,2,0.2189621195533173,0,0.0,0.2189621195533173,0,0,0,0,0,0,0,0,0,0,0,1,1,0,0,0,0,0,0,0,0,0,0,0,0,0,0,0
258,2021-02-10 14:00:00,NYSE,2020-Q4,PAG,6600,9,4,0.6060606060606061,5,0.7575757575757576,0,0.0,1.3636363636363638,1,0,0,0,3,0,0,0,0,0,2,1,2,0,0,0,0,0,0,0,0,0,0,0,0,0,0,0
259,2019-04-25 11:00:00,NYSE,2019-Q1,SUI,6207,5,4,0.6444337038827131,1,0.1611084259706783,0,0.0,0.8055421298533914,3,0,0,1,0,0,0,0,0,0,0,0,1,0,0,0,0,0,0,0,0,0,0,0,0,0,0,0
260,2020-01-22 17:00:00,NASDAQ,2020-Q1,PTC,8928,7,5,0.5600358422939068,0,0.0,2,0.22401433691756273,0.7840501792114696,5,0,0,0,0,0,0,0,0,0,0,0,0,1,1,0,0,0,0,0,0,0,0,0,0,0,0,0
261,2021-02-04 16:30:00,NASDAQ,2020-Q4,ATVI,10316,13,1,0.09693679720822024,11,1.0663047692904226,1,0.09693679720822024,1.260178363706863,1,0,0,0,0,0,0,0,0,0,9,1,1,1,0,0,0,0,0,0,0,0,0,0,0,0,0,0
262,2022-07-18 17:00:00,NYSE,2022-Q2,IBM,9377,9,1,0.10664391596459422,7,0.7465074117521596,1,0.10664391596459422,0.9597952436813479,1,0,0,0,0,0,0,0,0,0,3,3,1,1,0,0,0,0,0,0,0,0,0,0,0,0,0,0
263,2021-02-01 08:00:00,NASDAQ,2021-Q2,AKTS,10173,2,0,0.0,0,0.0,2,0.19659884006684358,0.19659884006684358,0,0,0,0,0,0,0,0,0,0,0,0,0,0,0,0,0,0,0,0,0,0,1,1,0,0,0,0
264,2021-07-20 09:00:00,NYSE,2021-Q2,PM,10039,5,1,0.09961151509114453,4,0.39844606036457814,0,0.0,0.49805757545572266,1,0,0,0,0,0,0,0,0,0,2,2,0,0,0,0,0,0,0,0,0,0,0,0,0,0,0,0
265,2021-08-12 16:30:00,NASDAQ,2021-Q2,TFFP,8999,2,0,0.0,0,0.0,2,0.222246916324036,0.222246916324036,0,0,0,0,0,0,0,0,0,0,0,0,0,1,0,1,0,0,0,0,0,0,0,0,0,0,0,0
266,2022-11-03 17:00:00,NYSE,2022-Q3,MODG,7289,5,0,0.0,3,0.4115790917821375,2,0.27438606118809167,0.6859651529702291,0,0,0,0,0,0,0,0,0,0,1,2,0,1,1,0,0,0,0,0,0,0,0,0,0,0,0,0
267,2021-02-22 11:00:00,NYSE,2020-Q4,KOS,10909,9,4,0.3666697222476854,5,0.45833715280960674,0,0.0,0.8250068750572921,3,0,0,0,1,0,0,0,0,0,3,0,2,0,0,0,0,0,0,0,0,0,0,0,0,0,0,0
268,2021-07-30 10:00:00,NASDAQ,2021-Q2,ERIE,2065,0,0,0.0,0,0.0,0,0.0,0.0,0,0,0,0,0,0,0,0,0,0,0,0,0,0,0,0,0,0,0,0,0,0,0,0,0,0,0,0
269,2023-01-23 08:00:00,NYSE,2022-Q4,SYF,11676,6,4,0.34258307639602603,1,0.08564576909900651,1,0.08564576909900651,0.513874614594039,1,0,0,0,0,3,0,0,0,0,1,0,0,0,0,0,0,0,0,0,0,0,0,1,0,0,0,0
270,2021-01-27 16:30:00,NYSE,2020-Q4,LVS,8709,17,3,0.3444712366517396,13,1.4927086921575383,1,0.11482374555057986,1.9520036743598577,3,0,0,0,0,0,0,0,0,0,12,0,1,0,0,1,0,0,0,0,0,0,0,0,0,0,0,0
271,2022-10-13 11:00:00,NYSE,2022-Q4,CMC,7354,6,1,0.13598041881968995,5,0.6799020940984498,0,0.0,0.8158825129181398,1,0,0,0,0,0,0,0,0,0,1,2,2,0,0,0,0,0,0,0,0,0,0,0,0,0,0,0
272,2021-10-21 09:00:00,NYSE,2021-Q3,BX,8698,25,1,0.11496895838123707,21,2.4143481260059785,3,0.3449068751437112,2.8742239595309265,1,0,0,0,0,0,0,0,0,0,6,11,4,2,1,0,0,0,0,0,0,0,0,0,0,0,0,0
273,2019-11-06 09:00:00,NASDAQ,2019-Q3,LILAK,6782,4,1,0.14744913005013272,2,0.29489826010026543,1,0.14744913005013272,0.5897965202005309,1,0,0,0,0,0,0,0,0,0,1,0,1,0,1,0,0,0,0,0,0,0,0,0,0,0,0,0
274,2021-02-25 16:30:00,NASDAQ,2020-Q4,ICUI,6037,6,2,0.3312903760145768,4,0.6625807520291536,0,0.0,0.9938711280437302,2,0,0,0,0,0,0,0,0,0,1,1,2,0,0,0,0,0,0,0,0,0,0,0,0,0,0,0
275,2019-08-01 11:00:00,NASDAQ,2019-Q2,AAWW,10905,7,3,0.2751031636863824,3,0.2751031636863824,1,0.09170105456212746,0.6419073819348923,3,0,0,0,0,0,0,0,0,0,2,1,0,0,0,1,0,0,0,0,0,0,0,0,0,0,0,0
276,2021-04-20 08:30:00,NYSE,2021-Q1,MAN,9214,8,6,0.6511829824180595,2,0.21706099413935315,0,0.0,0.8682439765574126,3,0,0,0,2,1,0,0,0,0,0,2,0,0,0,0,0,0,0,0,0,0,0,0,0,0,0,0
277,2019-07-30 10:30:00,NYSE,2019-Q2,SXC,5055,0,0,0.0,0,0.0,0,0.0,0.0,0,0,0,0,0,0,0,0,0,0,0,0,0,0,0,0,0,0,0,0,0,0,0,0,0,0,0,0
278,2022-03-22 16:30:00,NASDAQ,2021-Q4,XGN,6584,5,5,0.7594167679222358,0,0.0,0,0.0,0.7594167679222358,4,0,0,0,1,0,0,0,0,0,0,0,0,0,0,0,0,0,0,0,0,0,0,0,0,0,0,0
279,2021-03-24 17:00:00,NASDAQ,2020-Q4,APTX,10086,6,6,0.5948839976204641,0,0.0,0,0.0,0.5948839976204641,4,0,0,0,1,1,0,0,0,0,0,0,0,0,0,0,0,0,0,0,0,0,0,0,0,0,0,0
280,2021-07-20 08:30:00,NYSE,2021-Q2,OMC,8341,4,2,0.23977940294928665,2,0.23977940294928665,0,0.0,0.4795588058985733,2,0,0,0,0,0,0,0,0,0,1,0,1,0,0,0,0,0,0,0,0,0,0,0,0,0,0,0
281,2020-04-29 17:00:00,NYSE,2020-Q1,NOW,10727,14,5,0.46611354525962523,4,0.3728908362077002,5,0.46611354525962523,1.3051179267269508,4,0,0,0,1,0,0,0,0,0,4,0,0,2,0,3,0,0,0,0,0,0,0,0,0,0,0,0
282,2020-05-07 11:00:00,NYSE,2020-Q1,CF,9434,3,3,0.31799872800508794,0,0.0,0,0.0,0.31799872800508794,2,0,0,0,1,0,0,0,0,0,0,0,0,0,0,0,0,0,0,0,0,0,0,0,0,0,0,0
283,2021-01-28 10:00:00,NYSE,2020-Q4,VLO,10644,7,4,0.37579857196542654,3,0.2818489289740699,0,0.0,0.6576475009394964,2,0,0,0,2,0,0,0,0,0,0,2,1,0,0,0,0,0,0,0,0,0,0,0,0,0,0,0
284,2021-02-10 08:30:00,NYSE,2020-Q4,KO,9065,11,5,0.5515719801434088,6,0.6618863761720905,0,0.0,1.2134583563154993,1,0,0,0,2,2,0,0,0,0,2,4,0,0,0,0,0,0,0,0,0,0,0,0,0,0,0,0
285,2022-11-09 17:00:00,NYSE,2022-Q3,OLO,7786,5,1,0.12843565373747753,2,0.25687130747495507,2,0.25687130747495507,0.6421782686873876,1,0,0,0,0,0,0,0,0,0,1,1,0,2,0,0,0,0,0,0,0,0,0,0,0,0,0,0
286,2021-02-22 08:00:00,NASDAQ,2020-Q4,DISC.A,11997,9,4,0.33341668750520964,5,0.41677085938151204,0,0.0,0.7501875468867217,3,0,0,0,1,0,0,0,0,0,3,1,1,0,0,0,0,0,0,0,0,0,0,0,0,0,0,0
287,2021-02-26 20:30:00,NASDAQ,2020-Q4,CGEN,11380,5,4,0.351493848857645,1,0.08787346221441125,0,0.0,0.43936731107205623,4,0,0,0,0,0,0,0,0,0,1,0,0,0,0,0,0,0,0,0,0,0,0,0,0,0,0,0
288,2021-04-26 16:30:00,NASDAQ,2021-Q1,MASI,8874,5,3,0.3380662609871535,2,0.225377507324769,0,0.0,0.5634437683119224,3,0,0,0,0,0,0,0,0,0,1,0,1,0,0,0,0,0,0,0,0,0,0,0,0,0,0,0
289,2021-05-07 10:00:00,NYSE,2021-Q1,EOG,9876,6,5,0.5062778452814904,1,0.1012555690562981,0,0.0,0.6075334143377885,4,0,0,0,1,0,0,0,0,0,0,1,0,0,0,0,0,0,0,0,0,0,0,0,0,0,0,0
290,2021-05-11 08:00:00,NYSE,2021-Q1,PLTR,7766,13,0,0.0,12,1.545197012619109,1,0.12876641771825909,1.673963430337368,0,0,0,0,0,0,0,0,0,0,7,4,1,1,0,0,0,0,0,0,0,0,0,0,0,0,0,0
291,2021-01-15 11:30:00,NYSE,2020-Q4,C,14618,18,6,0.4104528663291832,12,0.8209057326583664,0,0.0,1.2313585989875495,4,0,0,0,2,0,0,0,0,0,7,3,2,0,0,0,0,0,0,0,0,0,0,0,0,0,0,0
292,2019-05-02 16:30:00,NASDAQ,2019-Q1,PARA,11421,6,2,0.17511601435951318,4,0.35023202871902637,0,0.0,0.5253480430785396,2,0,0,0,0,0,0,0,0,0,3,0,1,0,0,0,0,0,0,0,0,0,0,0,0,0,0,0
293,2021-03-02 17:00:00,NYSE,2021-Q4,BOX,10369,7,2,0.19288263091908572,2,0.19288263091908572,3,0.28932394637862857,0.6750892082168001,2,0,0,0,0,0,0,0,0,0,1,1,0,2,0,0,0,0,0,0,0,0,0,0,0,1,0,0
294,2021-05-06 08:30:00,NASDAQ,2021-Q1,BCRX,9201,5,3,0.32605151613955,1,0.10868383871318335,1,0.10868383871318335,0.5434191935659167,2,0,0,0,1,0,0,0,0,0,0,1,0,0,1,0,0,0,0,0,0,0,0,0,0,0,0,0
295,2022-03-31 17:00:00,NYSE,2021-Q4,BLND,9319,12,7,0.7511535572486319,4,0.42923060414207537,1,0.10730765103551884,1.287691812426226,7,0,0,0,0,0,0,0,0,0,2,1,1,0,1,0,0,0,0,0,0,0,0,0,0,0,0,0
296,2021-07-15 09:00:00,NYSE,2021-Q2,USB,9247,10,3,0.3244295447172056,7,0.757002271006813,0,0.0,1.0814318157240186,3,0,0,0,0,0,0,0,0,0,1,6,0,0,0,0,0,0,0,0,0,0,0,0,0,0,0,0
297,2019-06-03 17:00:00,NASDAQ,2019-Q1,COUP,9474,6,5,0.5277601857715853,1,0.10555203715431707,0,0.0,0.6333122229259025,4,0,0,0,0,0,1,0,0,0,1,0,0,0,0,0,0,0,0,0,0,0,0,0,0,0,0,0
298,2020-08-04 17:00:00,NASDAQ,2020-Q2,MNST,7158,0,0,0.0,0,0.0,0,0.0,0.0,0,0,0,0,0,0,0,0,0,0,0,0,0,0,0,0,0,0,0,0,0,0,0,0,0,0,0,0
299,2021-03-01 17:00:00,NASDAQ,2020-Q4,CCXI,10948,1,1,0.09134088417975886,0,0.0,0,0.0,0.09134088417975886,1,0,0,0,0,0,0,0,0,0,0,0,0,0,0,0,0,0,0,0,0,0,0,0,0,0,0,0
300,2020-04-30 17:00:00,NASDAQ,2020-Q2,AAPL,8281,8,0,0.0,8,0.9660669001328341,0,0.0,0.9660669001328341,0,0,0,0,0,0,0,0,0,0,5,3,0,0,0,0,0,0,0,0,0,0,0,0,0,0,0,0
301,2021-08-06 10:00:00,NASDAQ,2021-Q2,GRPN,7704,4,1,0.12980269989615784,1,0.12980269989615784,2,0.25960539979231567,0.5192107995846313,1,0,0,0,0,0,0,0,0,0,1,0,0,2,0,0,0,0,0,0,0,0,0,0,0,0,0,0
302,2021-10-07 11:00:00,NYSE,2022-Q2,PKE,12126,8,4,0.32986970146792016,4,0.32986970146792016,0,0.0,0.6597394029358403,4,0,0,0,0,0,0,0,0,0,2,2,0,0,0,0,0,0,0,0,0,0,0,0,0,0,0,0
303,2020-04-29 18:30:00,NASDAQ,2020-Q1,TSLA,9189,7,3,0.32647730982696704,4,0.4353030797692894,0,0.0,0.7617803895962564,3,0,0,0,0,0,0,0,0,0,1,2,1,0,0,0,0,0,0,0,0,0,0,0,0,0,0,0
304,2021-05-12 08:30:00,NASDAQ,2021-Q1,WIX,9050,8,4,0.4419889502762431,4,0.4419889502762431,0,0.0,0.8839779005524862,4,0,0,0,0,0,0,0,0,0,2,1,1,0,0,0,0,0,0,0,0,0,0,0,0,0,0,0
305,2023-02-06 16:30:00,NYSE,2022-Q4,PINS,10957,8,1,0.09126585744273066,7,0.6388610020991147,0,0.0,0.7301268595418453,1,0,0,0,0,0,0,0,0,0,3,3,1,0,0,0,0,0,0,0,0,0,0,0,0,0,0,0
306,2021-05-04 08:30:00,NYSE,2021-Q1,XPO,9219,7,3,0.3254149040026033,3,0.3254149040026033,1,0.10847163466753444,0.7593014426727411,2,0,0,0,1,0,0,0,0,0,1,1,1,0,0,0,0,0,0,0,0,0,1,0,0,0,0,0
307,2021-04-15 09:00:00,NYSE,2021-Q1,BAC,14124,12,3,0.21240441801189466,9,0.637213254035684,0,0.0,0.8496176720475787,2,0,0,0,1,0,0,0,0,0,5,3,1,0,0,0,0,0,0,0,0,0,0,0,0,0,0,0
308,2020-07-31 11:00:00,NASDAQ,2020-Q3,JOUT,3468,4,3,0.8650519031141869,0,0.0,1,0.28835063437139563,1.1534025374855825,2,0,0,0,1,0,0,0,0,0,0,0,0,0,0,1,0,0,0,0,0,0,0,0,0,0,0,0
309,2021-03-18 10:30:00,NASDAQ,2020-Q4,SNDL,7637,9,2,0.26188293832656806,5,0.65470734581642,2,0.26188293832656806,1.1784732224695562,1,0,0,0,0,0,1,0,0,0,0,1,4,1,0,0,0,0,0,0,0,0,0,0,0,0,1,0
310,2019-05-02 11:00:00,NYSE,2019-Q1,BALL,12316,15,2,0.16239038648911983,13,1.0555375121792792,0,0.0,1.2179278986683988,1,0,0,0,1,0,0,0,0,0,5,6,2,0,0,0,0,0,0,0,0,0,0,0,0,0,0,0
311,2021-05-04 08:30:00,NASDAQ,2021-Q1,IDXX,8145,4,1,0.12277470841006753,3,0.3683241252302026,0,0.0,0.4910988336402701,1,0,0,0,0,0,0,0,0,0,3,0,0,0,0,0,0,0,0,0,0,0,0,0,0,0,0,0
312,2021-03-18 23:00:00,NASDAQ,2020-Q4,LX,6378,3,3,0.4703668861712136,0,0.0,0,0.0,0.4703668861712136,3,0,0,0,0,0,0,0,0,0,0,0,0,0,0,0,0,0,0,0,0,0,0,0,0,0,0,0
313,2022-02-22 17:00:00,NYSE,2021-Q4,BWXT,5716,5,5,0.8747375787263821,0,0.0,0,0.0,0.8747375787263821,2,0,0,0,1,0,2,0,0,0,0,0,0,0,0,0,0,0,0,0,0,0,0,0,0,0,0,0
314,2021-01-29 10:00:00,NYSE,2020-Q4,CHD,16125,8,2,0.12403100775193798,6,0.37209302325581395,0,0.0,0.49612403100775193,2,0,0,0,0,0,0,0,0,0,2,3,1,0,0,0,0,0,0,0,0,0,0,0,0,0,0,0
315,2021-07-27 16:30:00,NASDAQ,2021-Q2,GOOGL,8221,18,0,0.0,18,2.1895146575842355,0,0.0,2.1895146575842355,0,0,0,0,0,0,0,0,0,0,13,3,2,0,0,0,0,0,0,0,0,0,0,0,0,0,0,0
316,2021-05-07 10:00:00,NYSE,2021-Q1,MAIN,4478,4,0,0.0,4,0.8932559178204555,0,0.0,0.8932559178204555,0,0,0,0,0,0,0,0,0,0,2,1,1,0,0,0,0,0,0,0,0,0,0,0,0,0,0,0
317,2021-08-06 22:00:00,NYSE,2021-Q2,RC,6774,3,0,0.0,0,0.0,3,0.4428697962798937,0.4428697962798937,0,0,0,0,0,0,0,0,0,0,0,0,0,0,0,0,0,0,0,3,0,0,0,0,0,0,0,0
318,2021-07-27 12:00:00,NASDAQ,2021-Q2,PCH,7904,10,10,1.2651821862348178,0,0.0,0,0.0,1.2651821862348178,10,0,0,0,0,0,0,0,0,0,0,0,0,0,0,0,0,0,0,0,0,0,0,0,0,0,0,0
319,2021-05-05 07:00:00,NYSE,2021-Q1,NVO,9117,2,1,0.10968520346605243,1,0.10968520346605243,0,0.0,0.21937040693210486,1,0,0,0,0,0,0,0,0,0,1,0,0,0,0,0,0,0,0,0,0,0,0,0,0,0,0,0
320,2021-11-04 16:30:00,NASDAQ,2021-Q3,MELI,9035,6,3,0.3320420586607637,2,0.22136137244050913,1,0.11068068622025456,0.6640841173215274,3,0,0,0,0,0,0,0,0,0,0,2,0,0,1,0,0,0,0,0,0,0,0,0,0,0,0,0
321,2021-01-28 11:00:00,NYSE,2020-Q4,MSCI,11536,21,4,0.34674063800277394,17,1.4736477115117892,0,0.0,1.8203883495145632,4,0,0,0,0,0,0,0,0,0,6,11,0,0,0,0,0,0,0,0,0,0,0,0,0,0,0,0
322,2021-03-11 16:30:00,NASDAQ,2020-Q4,GERN,7209,4,3,0.4161464835622139,1,0.13871549452073798,0,0.0,0.5548619780829519,3,0,0,0,0,0,0,0,0,0,1,0,0,0,0,0,0,0,0,0,0,0,0,0,0,0,0,0
323,2021-05-05 16:30:00,NASDAQ,2021-Q1,TNDM,9590,3,1,0.10427528675703858,2,0.20855057351407716,0,0.0,0.31282586027111575,1,0,0,0,0,0,0,0,0,0,0,1,1,0,0,0,0,0,0,0,0,0,0,0,0,0,0,0
324,2020-03-04 10:00:00,NYSE,2019-Q4,ATTO,6696,2,1,0.14934289127837513,1,0.14934289127837513,0,0.0,0.29868578255675027,1,0,0,0,0,0,0,0,0,0,1,0,0,0,0,0,0,0,0,0,0,0,0,0,0,0,0,0
325,2020-08-27 09:00:00,NYSE,2020-Q2,FRO,4997,5,5,1.0006003602161297,0,0.0,0,0.0,1.0006003602161297,4,0,0,0,1,0,0,0,0,0,0,0,0,0,0,0,0,0,0,0,0,0,0,0,0,0,0,0
326,2021-07-28 10:00:00,NYSE,2021-Q2,CHE,6139,2,1,0.1628929793125916,0,0.0,1,0.1628929793125916,0.3257859586251832,0,0,0,0,1,0,0,0,0,0,0,0,0,0,0,0,0,0,0,0,0,0,0,1,0,0,0,0
327,2020-04-23 11:00:00,NYSE,2020-Q1,GWW,11947,10,4,0.33481208671633045,6,0.5022181300744957,0,0.0,0.8370302167908262,4,0,0,0,0,0,0,0,0,0,3,2,1,0,0,0,0,0,0,0,0,0,0,0,0,0,0,0
328,2021-01-29 11:00:00,NASDAQ,2020-Q4,OCFC,8940,3,3,0.3355704697986577,0,0.0,0,0.0,0.3355704697986577,3,0,0,0,0,0,0,0,0,0,0,0,0,0,0,0,0,0,0,0,0,0,0,0,0,0,0,0
329,2021-04-29 08:30:00,NYSE,2021-Q1,KEX,10493,2,2,0.1906032593157343,0,0.0,0,0.0,0.1906032593157343,1,0,0,0,0,1,0,0,0,0,0,0,0,0,0,0,0,0,0,0,0,0,0,0,0,0,0,0
330,2019-04-25 17:00:00,NASDAQ,2019-Q1,MAT,9296,2,1,0.10757314974182444,0,0.0,1,0.10757314974182444,0.21514629948364888,0,0,0,0,1,0,0,0,0,0,0,0,0,1,0,0,0,0,0,0,0,0,0,0,0,0,0,0
331,2021-03-24 08:00:00,OTC,2020-Q4,TCEHY,11385,13,0,0.0,13,1.1418533157663593,0,0.0,1.1418533157663593,0,0,0,0,0,0,0,0,0,0,5,7,1,0,0,0,0,0,0,0,0,0,0,0,0,0,0,0
332,2021-08-12 16:30:00,NASDAQ,2021-Q2,LHDX,4160,4,4,0.9615384615384616,0,0.0,0,0.0,0.9615384615384616,4,0,0,0,0,0,0,0,0,0,0,0,0,0,0,0,0,0,0,0,0,0,0,0,0,0,0,0
333,2021-07-21 08:00:00,NASDAQ,2021-Q2,NDAQ,10540,5,0,0.0,5,0.47438330170777987,0,0.0,0.47438330170777987,0,0,0,0,0,0,0,0,0,0,4,1,0,0,0,0,0,0,0,0,0,0,0,0,0,0,0,0
334,2019-08-01 08:30:00,NASDAQ,2019-Q2,GLYC,5110,0,0,0.0,0,0.0,0,0.0,0.0,0,0,0,0,0,0,0,0,0,0,0,0,0,0,0,0,0,0,0,0,0,0,0,0,0,0,0,0
335,2021-01-27 08:00:00,NASDAQ,2020-Q4,NAVI,8766,2,1,0.11407711613050422,0,0.0,1,0.11407711613050422,0.22815423226100845,1,0,0,0,0,0,0,0,0,0,0,0,0,0,0,0,0,0,0,1,0,0,0,0,0,0,0,0
336,2022-03-03 08:30:00,NASDAQ,2021-Q4,ARGX,10305,9,7,0.6792819019893256,1,0.09704027171276079,1,0.09704027171276079,0.8733624454148472,6,0,0,0,1,0,0,0,0,0,1,0,0,0,0,1,0,0,0,0,0,0,0,0,0,0,0,0
337,2021-11-18 07:00:00,NYSE,2021-Q3,ATHM,4589,4,0,0.0,0,0.0,4,0.8716495968620614,0.8716495968620614,0,0,0,0,0,0,0,0,0,0,0,0,0,4,0,0,0,0,0,0,0,0,0,0,0,0,0,0
338,2021-03-31 08:30:00,NASDAQ,2021-Q2,WBA,11168,5,0,0.0,3,0.2686246418338109,2,0.17908309455587393,0.44770773638968486,0,0,0,0,0,0,0,0,0,0,1,1,1,0,1,0,0,0,0,0,0,0,0,0,1,0,0,0
339,2021-02-16 17:00:00,NASDAQ,2020-Q4,NMIH,9717,6,6,0.6174745291756715,0,0.0,0,0.0,0.6174745291756715,6,0,0,0,0,0,0,0,0,0,0,0,0,0,0,0,0,0,0,0,0,0,0,0,0,0,0,0
340,2021-04-07 08:30:00,NYSE,2021-Q2,MSM,10999,13,4,0.3636694244931357,8,0.7273388489862714,1,0.09091735612328393,1.181925629602691,4,0,0,0,0,0,0,0,0,0,0,1,7,0,0,0,0,0,0,0,0,0,0,1,0,0,0,0
341,2021-05-06 09:30:00,NYSE,2021-Q1,K,10363,14,11,1.061468686673743,3,0.28949146000192993,0,0.0,1.350960146675673,3,0,0,0,5,2,1,0,0,0,1,1,1,0,0,0,0,0,0,0,0,0,0,0,0,0,0,0
342,2019-10-29 10:30:00,NYSE,2019-Q3,EME,11415,4,2,0.17520805957074026,2,0.17520805957074026,0,0.0,0.3504161191414805,2,0,0,0,0,0,0,0,0,0,1,1,0,0,0,0,0,0,0,0,0,0,0,0,0,0,0,0
343,2021-11-09 08:00:00,NYSE,2021-Q3,IGT,5682,4,2,0.3519887363604365,2,0.3519887363604365,0,0.0,0.703977472720873,2,0,0,0,0,0,0,0,0,0,1,0,1,0,0,0,0,0,0,0,0,0,0,0,0,0,0,0
344,2022-06-02 16:30:00,NASDAQ,2022-Q1,LULU,9633,7,1,0.10380982040901068,5,0.5190491020450535,1,0.10380982040901068,0.7266687428630748,0,0,0,0,0,1,0,0,0,0,2,3,0,0,0,0,0,0,0,0,0,0,0,0,0,0,1,0
345,2020-05-07 17:00:00,NYSE,2020-Q1,NET,9968,11,5,0.5016051364365971,5,0.5016051364365971,1,0.10032102728731943,1.1035313001605136,5,0,0,0,0,0,0,0,0,0,4,1,0,1,0,0,0,0,0,0,0,0,0,0,0,0,0,0
346,2020-11-13 12:00:00,NYSE,2020-Q3,FSM,5511,2,2,0.3629105425512611,0,0.0,0,0.0,0.3629105425512611,2,0,0,0,0,0,0,0,0,0,0,0,0,0,0,0,0,0,0,0,0,0,0,0,0,0,0,0
347,2022-08-11 08:30:00,NYSE,2022-Q2,SGHC,5397,2,0,0.0,2,0.37057624606262735,0,0.0,0.37057624606262735,0,0,0,0,0,0,0,0,0,0,0,2,0,0,0,0,0,0,0,0,0,0,0,0,0,0,0,0
348,2021-02-25 11:00:00,NASDAQ,2020-Q4,PRFT,5993,2,2,0.3337226764558652,0,0.0,0,0.0,0.3337226764558652,2,0,0,0,0,0,0,0,0,0,0,0,0,0,0,0,0,0,0,0,0,0,0,0,0,0,0,0
349,,NASDAQ,2018-Q4,ALTR,5586,4,3,0.5370569280343717,1,0.17901897601145722,0,0.0,0.7160759040458289,3,0,0,0,0,0,0,0,0,0,0,1,0,0,0,0,0,0,0,0,0,0,0,0,0,0,0,0
350,2021-03-11 17:00:00,NASDAQ,2021-Q4,DOMO,9141,8,2,0.2187944426211574,5,0.5469861065528935,1,0.1093972213105787,0.8751777704846296,2,0,0,0,0,0,0,0,0,0,4,1,0,0,1,0,0,0,0,0,0,0,0,0,0,0,0,0
351,2021-06-29 11:00:00,NYSE,2021-Q3,EPAC,9497,4,3,0.3158892281773191,1,0.10529640939243973,0,0.0,0.4211856375697589,1,0,0,0,2,0,0,0,0,1,0,0,0,0,0,0,0,0,0,0,0,0,0,0,0,0,0,0
352,2021-02-04 13:30:00,NYSE,2021-Q2,CLX,11619,20,5,0.4303296324984939,15,1.2909888974954815,0,0.0,1.7213185299939755,4,0,0,0,1,0,0,0,0,0,4,11,0,0,0,0,0,0,0,0,0,0,0,0,0,0,0,0
353,2021-02-25 11:00:00,NYSE,2020-Q3,GVA,7774,11,7,0.9004373552868535,1,0.12863390789812196,3,0.3859017236943658,1.4149729868793415,6,0,0,0,1,0,0,0,0,0,1,0,0,0,3,0,0,0,0,0,0,0,0,0,0,0,0,0
354,2021-05-07 08:30:00,NYSE,2021-Q1,KWR,6966,4,3,0.4306632213608958,1,0.1435544071202986,0,0.0,0.5742176284811944,1,0,0,0,2,0,0,0,0,0,1,0,0,0,0,0,0,0,0,0,0,0,0,0,0,0,0,0
355,2019-12-12 17:00:00,NASDAQ,2020-Q1,COST,11191,5,5,0.44678759717630234,0,0.0,0,0.0,0.44678759717630234,5,0,0,0,0,0,0,0,0,0,0,0,0,0,0,0,0,0,0,0,0,0,0,0,0,0,0,0
356,2020-12-09 16:30:00,NASDAQ,2021-Q3,VRNT,8276,0,0,0.0,0,0.0,0,0.0,0.0,0,0,0,0,0,0,0,0,0,0,0,0,0,0,0,0,0,0,0,0,0,0,0,0,0,0,0,0
357,2021-08-09 16:30:00,NASDAQ,2021-Q2,RETA,9911,0,0,0.0,0,0.0,0,0.0,0.0,0,0,0,0,0,0,0,0,0,0,0,0,0,0,0,0,0,0,0,0,0,0,0,0,0,0,0,0
358,2019-11-06 08:30:00,NASDAQ,2019-Q3,CSTE,2436,2,0,0.0,1,0.41050903119868637,1,0.41050903119868637,0.8210180623973727,0,0,0,0,0,0,0,0,0,0,1,0,0,1,0,0,0,0,0,0,0,0,0,0,0,0,0,0
359,2020-08-12 08:30:00,NASDAQ,2020-Q2,ANGI,10704,13,5,0.4671150971599402,8,0.7473841554559043,0,0.0,1.2144992526158445,4,0,0,0,0,0,1,1,0,0,3,2,2,0,0,0,0,0,0,0,0,0,0,0,0,0,0,0
360,2022-05-05 17:00:00,NASDAQ,2022-Q1,ONCT,3744,1,1,0.26709401709401714,0,0.0,0,0.0,0.26709401709401714,1,0,0,0,0,0,0,0,0,0,0,0,0,0,0,0,0,0,0,0,0,0,0,0,0,0,0,0
361,2021-04-27 17:00:00,NASDAQ,2021-Q1,CSGP,11852,3,0,0.0,3,0.2531218359770503,0,0.0,0.2531218359770503,0,0,0,0,0,0,0,0,0,0,2,1,0,0,0,0,0,0,0,0,0,0,0,0,0,0,0,0
362,2020-07-30 09:30:00,NYSE,2020-Q2,RDS.A,17326,12,2,0.1154334526145677,8,0.4617338104582708,2,0.1154334526145677,0.6926007156874062,2,0,0,0,0,0,0,0,0,0,4,4,0,0,0,0,0,0,0,0,0,0,1,0,1,0,0,0
363,2022-02-09 08:00:00,NASDAQ,2021-Q4,REYN,6476,4,1,0.15441630636195183,3,0.46324891908585547,0,0.0,0.6176652254478073,1,0,0,0,0,0,0,0,0,0,2,1,0,0,0,0,0,0,0,0,0,0,0,0,0,0,0,0
364,2021-05-04 08:30:00,NYSE,2021-Q1,UAA,10864,9,2,0.1840942562592047,6,0.5522827687776142,1,0.09204712812960235,0.8284241531664212,1,0,0,0,1,0,0,0,0,0,3,3,0,0,0,1,0,0,0,0,0,0,0,0,0,0,0,0
365,2021-01-26 12:00:00,NYSE,2020-Q4,PLD,8744,5,5,0.5718206770356816,0,0.0,0,0.0,0.5718206770356816,5,0,0,0,0,0,0,0,0,0,0,0,0,0,0,0,0,0,0,0,0,0,0,0,0,0,0,0
366,2022-04-27 09:30:00,NASDAQ,2022-Q1,TRMK,4323,2,1,0.2313208420078649,1,0.2313208420078649,0,0.0,0.4626416840157298,1,0,0,0,0,0,0,0,0,0,1,0,0,0,0,0,0,0,0,0,0,0,0,0,0,0,0,0
367,2020-04-23 08:30:00,NYSE,2020-Q1,BFH,9531,8,2,0.20984156961494072,6,0.6295247088448221,0,0.0,0.8393662784597629,2,0,0,0,0,0,0,0,0,0,2,4,0,0,0,0,0,0,0,0,0,0,0,0,0,0,0,0
368,2020-07-20 17:00:00,NYSE,2020-Q2,IBM,10975,13,3,0.2733485193621868,7,0.6378132118451025,3,0.2733485193621868,1.1845102505694762,2,0,0,0,1,0,0,1,0,0,5,1,0,1,2,0,0,0,0,0,0,0,0,0,0,0,0,0
369,2021-02-24 08:30:00,NYSE,2020-Q4,GTY,6051,6,0,0.0,6,0.9915716410510659,0,0.0,0.9915716410510659,0,0,0,0,0,0,0,0,0,0,2,0,4,0,0,0,0,0,0,0,0,0,0,0,0,0,0,0
370,2021-02-08 17:00:00,NYSE,2021-Q1,ESE,5066,0,0,0.0,0,0.0,0,0.0,0.0,0,0,0,0,0,0,0,0,0,0,0,0,0,0,0,0,0,0,0,0,0,0,0,0,0,0,0,0
371,2021-02-08 09:00:00,NYSE,2020-Q4,CNA,5176,3,2,0.3863987635239567,1,0.19319938176197834,0,0.0,0.579598145285935,2,0,0,0,0,0,0,0,0,0,0,0,1,0,0,0,0,0,0,0,0,0,0,0,0,0,0,0
372,2021-02-02 04:00:00,NYSE,2020-Q4,BP,19485,22,6,0.30792917628945343,11,0.5645368231973313,5,0.25660764690787785,1.1290736463946627,5,0,0,0,1,0,0,0,0,0,7,3,1,3,2,0,0,0,0,0,0,0,0,0,0,0,0,0
373,2020-05-11 09:00:00,NYSE,2020-Q1,VRS,4811,1,0,0.0,1,0.20785699438786115,0,0.0,0.20785699438786115,0,0,0,0,0,0,0,0,0,0,1,0,0,0,0,0,0,0,0,0,0,0,0,0,0,0,0,0
374,2020-05-09 21:00:00,NASDAQ,2020-Q2,GEOS,8480,2,2,0.2358490566037736,0,0.0,0,0.0,0.2358490566037736,1,0,0,1,0,0,0,0,0,0,0,0,0,0,0,0,0,0,0,0,0,0,0,0,0,0,0,0
375,2020-04-30 10:00:00,NASDAQ,2020-Q1,SPOK,6998,5,0,0.0,5,0.7144898542440697,0,0.0,0.7144898542440697,0,0,0,0,0,0,0,0,0,0,1,3,1,0,0,0,0,0,0,0,0,0,0,0,0,0,0,0
376,2021-04-29 17:00:00,NYSE,2021-Q2,BZH,5467,7,3,0.5487470276202671,4,0.7316627034936894,0,0.0,1.2804097311139564,2,1,0,0,0,0,0,0,0,0,1,2,1,0,0,0,0,0,0,0,0,0,0,0,0,0,0,0
377,2021-05-07 09:00:00,NYSE,2021-Q1,ENB,11268,12,8,0.7099751508697195,4,0.35498757543485976,0,0.0,1.0649627263045793,5,0,0,0,1,0,2,0,0,0,2,1,1,0,0,0,0,0,0,0,0,0,0,0,0,0,0,0
378,2021-05-11 08:00:00,NYSE,2021-Q1,IGT,6330,3,1,0.15797788309636648,2,0.31595576619273297,0,0.0,0.47393364928909953,1,0,0,0,0,0,0,0,0,0,0,2,0,0,0,0,0,0,0,0,0,0,0,0,0,0,0,0
379,2020-08-07 10:00:00,NYSE,2020-Q2,UFS,9546,12,10,1.0475591870940708,2,0.20951183741881416,0,0.0,1.257071024512885,8,0,0,0,2,0,0,0,0,0,1,0,1,0,0,0,0,0,0,0,0,0,0,0,0,0,0,0
380,2021-01-21 16:30:00,NASDAQ,2020-Q4,ISRG,9520,10,1,0.10504201680672269,9,0.9453781512605042,0,0.0,1.050420168067227,1,0,0,0,0,0,0,0,0,0,8,1,0,0,0,0,0,0,0,0,0,0,0,0,0,0,0,0
381,2021-02-18 17:00:00,NASDAQ,2020-Q4,TTD,10571,13,5,0.4729921483303377,8,0.7567874373285404,0,0.0,1.229779585658878,4,0,0,0,1,0,0,0,0,0,6,2,0,0,0,0,0,0,0,0,0,0,0,0,0,0,0,0
382,,NASDAQ,2018-Q2,DISC.A,11288,3,2,0.17717930545712263,0,0.0,1,0.08858965272856131,0.2657689581856839,2,0,0,0,0,0,0,0,0,0,0,0,0,0,1,0,0,0,0,0,0,0,0,0,0,0,0,0
383,2021-03-10 08:30:00,NYSE,2021-Q1,ABM,8954,13,4,0.4467277194549922,9,1.0051373687737324,0,0.0,1.4518650882287245,4,0,0,0,0,0,0,0,0,0,4,5,0,0,0,0,0,0,0,0,0,0,0,0,0,0,0,0
384,2021-05-05 08:30:00,NASDAQ,2021-Q1,RDWR,4710,3,0,0.0,3,0.6369426751592356,0,0.0,0.6369426751592356,0,0,0,0,0,0,0,0,0,0,2,0,1,0,0,0,0,0,0,0,0,0,0,0,0,0,0,0
385,2021-02-25 09:00:00,NYSE,2020-Q4,BUD,10899,14,2,0.18350307367648408,7,0.6422607578676942,5,0.4587576841912102,1.2845215157353884,2,0,0,0,0,0,0,0,0,0,3,3,1,2,0,0,0,0,0,0,0,0,0,1,0,0,2,0
386,2022-04-28 11:00:00,NYSE,2022-Q1,OII,2710,0,0,0.0,0,0.0,0,0.0,0.0,0,0,0,0,0,0,0,0,0,0,0,0,0,0,0,0,0,0,0,0,0,0,0,0,0,0,0,0
387,2021-02-10 16:30:00,NYSE,2020-Q4,UBER,10420,16,2,0.19193857965451055,13,1.2476007677543186,1,0.09596928982725528,1.5355086372360844,1,0,0,0,1,0,0,0,0,0,7,5,1,0,0,0,0,0,0,0,0,0,0,1,0,0,0,0
388,2020-01-23 10:00:00,NYSE,2020-Q1,HZO,6568,2,2,0.3045066991473812,0,0.0,0,0.0,0.3045066991473812,2,0,0,0,0,0,0,0,0,0,0,0,0,0,0,0,0,0,0,0,0,0,0,0,0,0,0,0
389,2021-03-09 11:00:00,NASDAQ,2020-Q4,IEA,4740,0,0,0.0,0,0.0,0,0.0,0.0,0,0,0,0,0,0,0,0,0,0,0,0,0,0,0,0,0,0,0,0,0,0,0,0,0,0,0,0
390,2021-05-05 10:00:00,NYSE,2021-Q1,STAG,5815,3,2,0.34393809114359414,1,0.17196904557179707,0,0.0,0.5159071367153912,2,0,0,0,0,0,0,0,0,0,0,0,1,0,0,0,0,0,0,0,0,0,0,0,0,0,0,0
391,2020-04-23 10:00:00,NYSE,2020-Q1,HLX,6421,0,0,0.0,0,0.0,0,0.0,0.0,0,0,0,0,0,0,0,0,0,0,0,0,0,0,0,0,0,0,0,0,0,0,0,0,0,0,0,0
392,2021-05-04 10:00:00,NYSE,2021-Q1,CLDT,6808,8,6,0.8813160987074031,2,0.2937720329024677,0,0.0,1.1750881316098707,3,0,0,0,3,0,0,0,0,0,0,1,1,0,0,0,0,0,0,0,0,0,0,0,0,0,0,0
393,2019-10-29 17:00:00,NASDAQ,2019-Q3,MAT,9617,4,2,0.2079650618696059,0,0.0,2,0.2079650618696059,0.4159301237392118,2,0,0,0,0,0,0,0,0,0,0,0,0,1,1,0,0,0,0,0,0,0,0,0,0,0,0,0
394,2021-02-18 04:30:00,NYSE,2020-Q4,BCS,15309,19,11,0.7185315827291135,8,0.5225684238029916,0,0.0,1.2411000065321054,8,0,0,0,3,0,0,0,0,0,6,2,0,0,0,0,0,0,0,0,0,0,0,0,0,0,0,0
395,2021-01-26 09:00:00,NYSE,2020-Q4,ADM,9329,5,2,0.2143852502947797,3,0.3215778754421696,0,0.0,0.5359631257369493,2,0,0,0,0,0,0,0,0,0,1,2,0,0,0,0,0,0,0,0,0,0,0,0,0,0,0,0
396,2022-08-01 16:30:00,NYSE,2022-Q2,ANET,9622,6,6,0.6235709831635835,0,0.0,0,0.0,0.6235709831635835,6,0,0,0,0,0,0,0,0,0,0,0,0,0,0,0,0,0,0,0,0,0,0,0,0,0,0,0
397,2022-01-26 16:30:00,NASDAQ,2022-Q2,ARAY,5934,0,0,0.0,0,0.0,0,0.0,0.0,0,0,0,0,0,0,0,0,0,0,0,0,0,0,0,0,0,0,0,0,0,0,0,0,0,0,0,0
398,2022-08-04 17:00:00,NASDAQ,2022-Q2,RAIN,2730,0,0,0.0,0,0.0,0,0.0,0.0,0,0,0,0,0,0,0,0,0,0,0,0,0,0,0,0,0,0,0,0,0,0,0,0,0,0,0,0
399,2021-04-22 17:00:00,NASDAQ,2021-Q2,CLFD,4387,2,0,0.0,2,0.45589240939138365,0,0.0,0.45589240939138365,0,0,0,0,0,0,0,0,0,0,1,1,0,0,0,0,0,0,0,0,0,0,0,0,0,0,0,0
400,2021-04-29 13:00:00,NYSE,2021-Q1,SO,13235,5,2,0.1511144692104269,1,0.07555723460521345,2,0.1511144692104269,0.3777861730260672,2,0,0,0,0,0,0,0,0,0,1,0,0,1,0,0,0,0,1,0,0,0,0,0,0,0,0,0
401,2020-05-27 21:00:00,NYSE,2020-Q1,BEST,7791,6,0,0.0,6,0.7701193685021178,0,0.0,0.7701193685021178,0,0,0,0,0,0,0,0,0,0,3,3,0,0,0,0,0,0,0,0,0,0,0,0,0,0,0,0
402,2021-07-29 08:00:00,NYSE,2021-Q2,TPX,8751,10,5,0.5713632727688264,4,0.45709061821506114,1,0.11427265455376528,1.1427265455376527,2,0,0,0,3,0,0,0,0,0,2,0,2,0,0,0,0,0,0,0,0,0,0,0,0,1,0,0
403,2021-02-24 16:30:00,NASDAQ,2020-Q4,ADPT,10920,4,3,0.27472527472527475,1,0.09157509157509157,0,0.0,0.3663003663003663,3,0,0,0,0,0,0,0,0,0,0,0,1,0,0,0,0,0,0,0,0,0,0,0,0,0,0,0
404,2020-05-09 21:00:00,NYSE,2020-Q1,ING,17215,12,7,0.4066221318617485,5,0.29044437990124894,0,0.0,0.6970665117629974,6,0,0,0,1,0,0,0,0,0,2,2,1,0,0,0,0,0,0,0,0,0,0,0,0,0,0,0
405,2019-07-23 08:30:00,NYSE,2019-Q2,ATI,10207,2,2,0.19594396002743217,0,0.0,0,0.0,0.19594396002743217,2,0,0,0,0,0,0,0,0,0,0,0,0,0,0,0,0,0,0,0,0,0,0,0,0,0,0,0
406,2020-04-30 17:00:00,NASDAQ,2020-Q2,AAPL,8281,8,0,0.0,8,0.9660669001328341,0,0.0,0.9660669001328341,0,0,0,0,0,0,0,0,0,0,5,3,0,0,0,0,0,0,0,0,0,0,0,0,0,0,0,0
407,2022-07-27 16:30:00,NYSE,2022-Q2,NCR,8056,6,0,0.0,4,0.4965243296921549,2,0.24826216484607744,0.7447864945382324,0,0,0,0,0,0,0,0,0,0,1,0,3,1,1,0,0,0,0,0,0,0,0,0,0,0,0,0
408,2021-05-26 20:00:00,NASDAQ,2021-Q1,VNET,7008,4,2,0.28538812785388123,0,0.0,2,0.28538812785388123,0.5707762557077625,2,0,0,0,0,0,0,0,0,0,0,0,0,2,0,0,0,0,0,0,0,0,0,0,0,0,0,0
409,2020-07-22 18:00:00,NASDAQ,2020-Q2,TSLA,9451,3,3,0.3174267273304412,0,0.0,0,0.0,0.3174267273304412,3,0,0,0,0,0,0,0,0,0,0,0,0,0,0,0,0,0,0,0,0,0,0,0,0,0,0,0
410,2021-05-05 17:30:00,NASDAQ,2021-Q1,MELI,8713,8,1,0.1147710317915758,7,0.8033972225410306,0,0.0,0.9181682543326064,1,0,0,0,0,0,0,0,0,0,3,3,1,0,0,0,0,0,0,0,0,0,0,0,0,0,0,0
411,2021-05-07 08:30:00,NASDAQ,2021-Q1,OCGN,4612,2,1,0.21682567215958368,1,0.21682567215958368,0,0.0,0.43365134431916735,1,0,0,0,0,0,0,0,0,0,1,0,0,0,0,0,0,0,0,0,0,0,0,0,0,0,0,0
412,2021-02-25 08:30:00,NYSE,2021-Q1,GEF,5788,5,5,0.8638562543192814,0,0.0,0,0.0,0.8638562543192814,5,0,0,0,0,0,0,0,0,0,0,0,0,0,0,0,0,0,0,0,0,0,0,0,0,0,0,0
413,2021-03-25 11:00:00,NYSE,2020-Q4,REX,3386,5,4,1.1813349084465445,1,0.29533372711163614,0,0.0,1.4766686355581806,2,0,0,0,1,0,1,0,0,0,0,1,0,0,0,0,0,0,0,0,0,0,0,0,0,0,0,0
414,2020-05-05 08:00:00,NYSE,2020-Q1,FCAU,11761,8,4,0.34010713374713036,1,0.08502678343678259,3,0.25508035031034776,0.6802142674942607,0,0,0,0,4,0,0,0,0,0,1,0,0,0,0,0,0,2,0,0,0,0,0,0,0,1,0,0
415,2021-10-14 09:00:00,NYSE,2021-Q3,BAC,12184,15,3,0.24622455679579774,12,0.984898227183191,0,0.0,1.2311227839789889,3,0,0,0,0,0,0,0,0,0,6,4,2,0,0,0,0,0,0,0,0,0,0,0,0,0,0,0
416,,NYSE,2021-Q3,XPO,9904,15,6,0.6058158319870759,9,0.908723747980614,0,0.0,1.5145395799676897,6,0,0,0,0,0,0,0,0,0,1,5,3,0,0,0,0,0,0,0,0,0,0,0,0,0,0,0
417,2021-02-03 08:30:00,NYSE,2020-Q4,APO,9588,12,3,0.31289111389236546,9,0.9386733416770964,0,0.0,1.2515644555694618,2,0,0,0,1,0,0,0,0,1,3,2,3,0,0,0,0,0,0,0,0,0,0,0,0,0,0,0
418,2021-01-27 08:00:00,NYSE,2020-Q4,TXT,9633,7,3,0.3114294612270321,4,0.41523928163604273,0,0.0,0.7266687428630748,3,0,0,0,0,0,0,0,0,0,4,0,0,0,0,0,0,0,0,0,0,0,0,0,0,0,0,0
419,2021-02-25 08:00:00,NASDAQ,2020-Q4,IDSY,5830,6,3,0.5145797598627787,3,0.5145797598627787,0,0.0,1.0291595197255574,0,0,0,3,0,0,0,0,0,0,0,2,1,0,0,0,0,0,0,0,0,0,0,0,0,0,0,0
420,2021-02-18 09:30:00,NYSE,2020-Q4,GEL,6632,3,3,0.45235223160434257,0,0.0,0,0.0,0.45235223160434257,3,0,0,0,0,0,0,0,0,0,0,0,0,0,0,0,0,0,0,0,0,0,0,0,0,0,0,0
421,2020-04-23 08:00:00,NYSE,2020-Q1,DFS,8440,4,4,0.47393364928909953,0,0.0,0,0.0,0.47393364928909953,3,0,0,0,1,0,0,0,0,0,0,0,0,0,0,0,0,0,0,0,0,0,0,0,0,0,0,0
422,2021-02-09 08:00:00,NYSE,2020-Q4,IT,8919,5,2,0.22424038569346338,3,0.3363605785401951,0,0.0,0.5606009642336585,2,0,0,0,0,0,0,0,0,0,0,2,1,0,0,0,0,0,0,0,0,0,0,0,0,0,0,0
423,2020-04-29 18:30:00,NASDAQ,2020-Q1,TSLA,9189,7,3,0.32647730982696704,4,0.4353030797692894,0,0.0,0.7617803895962564,3,0,0,0,0,0,0,0,0,0,1,2,1,0,0,0,0,0,0,0,0,0,0,0,0,0,0,0
424,2021-02-02 16:30:00,NASDAQ,2020-Q4,TENB,9296,9,4,0.43029259896729777,5,0.5378657487091222,0,0.0,0.96815834767642,3,0,0,0,0,1,0,0,0,0,5,0,0,0,0,0,0,0,0,0,0,0,0,0,0,0,0,0
425,2021-09-22 08:00:00,NYSE,2021-Q2,GOTU,3505,0,0,0.0,0,0.0,0,0.0,0.0,0,0,0,0,0,0,0,0,0,0,0,0,0,0,0,0,0,0,0,0,0,0,0,0,0,0,0,0
426,2022-08-10 02:00:00,NYSE,2023-Q1,HMC,5716,1,1,0.1749475157452764,0,0.0,0,0.0,0.1749475157452764,1,0,0,0,0,0,0,0,0,0,0,0,0,0,0,0,0,0,0,0,0,0,0,0,0,0,0,0
427,2019-10-31 11:00:00,NYSE,2019-Q3,BALL,11819,16,5,0.42304763516371946,11,0.9307047973601827,0,0.0,1.3537524325239023,4,0,0,0,0,0,1,0,0,0,9,2,0,0,0,0,0,0,0,0,0,0,0,0,0,0,0,0
428,2019-10-18 08:30:00,NASDAQ,2019-Q2,SIFY,4185,0,0,0.0,0,0.0,0,0.0,0.0,0,0,0,0,0,0,0,0,0,0,0,0,0,0,0,0,0,0,0,0,0,0,0,0,0,0,0,0
429,2021-05-07 10:00:00,NASDAQ,2021-Q2,GEOS,6119,6,4,0.6537015852263441,2,0.32685079261317207,0,0.0,0.9805523778395162,4,0,0,0,0,0,0,0,0,0,2,0,0,0,0,0,0,0,0,0,0,0,0,0,0,0,0,0
430,2021-04-24 11:30:00,NYSE,2021-Q2,DHI,10813,2,1,0.09248127254231019,1,0.09248127254231019,0,0.0,0.18496254508462037,1,0,0,0,0,0,0,0,0,0,0,1,0,0,0,0,0,0,0,0,0,0,0,0,0,0,0,0
431,2022-11-03 08:30:00,NYSE,2022-Q4,JCI,9331,6,1,0.10716964955524595,4,0.4286785982209838,1,0.10716964955524595,0.6430178973314757,1,0,0,0,0,0,0,0,0,0,4,0,0,1,0,0,0,0,0,0,0,0,0,0,0,0,0,0
432,2019-11-07 11:00:00,NYSE,2019-Q3,EEX,8095,7,5,0.6176652254478073,2,0.2470660901791229,0,0.0,0.8647313156269302,5,0,0,0,0,0,0,0,0,0,1,0,1,0,0,0,0,0,0,0,0,0,0,0,0,0,0,0
433,2020-07-29 08:00:00,NYSE,2020-Q2,GE,10527,4,2,0.18998765080269783,0,0.0,2,0.18998765080269783,0.37997530160539567,2,0,0,0,0,0,0,0,0,0,0,0,0,0,0,0,0,0,0,0,2,0,0,0,0,0,0,0
434,2021-11-09 08:00:00,NYSE,2021-Q3,PLTR,8383,15,2,0.23857807467493738,10,1.192890373374687,3,0.35786711201240606,1.7893355600620304,1,0,0,1,0,0,0,0,0,0,5,2,3,2,0,1,0,0,0,0,0,0,0,0,0,0,0,0
435,2020-07-22 09:00:00,NYSE,2020-Q2,HCA,9193,6,4,0.4351136734471881,2,0.21755683672359405,0,0.0,0.652670510170782,4,0,0,0,0,0,0,0,0,0,2,0,0,0,0,0,0,0,0,0,0,0,0,0,0,0,0,0
436,2019-08-28 16:30:00,NYSE,2020-Q1,HRB,6558,4,1,0.15248551387618176,3,0.4574565416285453,0,0.0,0.609942055504727,1,0,0,0,0,0,0,0,0,0,2,1,0,0,0,0,0,0,0,0,0,0,0,0,0,0,0,0
437,2019-12-02 17:00:00,NASDAQ,2019-Q3,COUP,9527,8,5,0.524824183898394,3,0.3148945103390364,0,0.0,0.8397186942374305,5,0,0,0,0,0,0,0,0,0,3,0,0,0,0,0,0,0,0,0,0,0,0,0,0,0,0,0
438,2021-08-11 17:00:00,NASDAQ,2021-Q2,FTHM,11093,8,7,0.631028576579825,1,0.09014693951140358,0,0.0,0.7211755160912287,7,0,0,0,0,0,0,0,0,0,0,1,0,0,0,0,0,0,0,0,0,0,0,0,0,0,0,0
439,2021-04-29 16:30:00,NASDAQ,2021-Q1,GSHD,5718,5,0,0.0,5,0.8744316194473593,0,0.0,0.8744316194473593,0,0,0,0,0,0,0,0,0,0,3,2,0,0,0,0,0,0,0,0,0,0,0,0,0,0,0,0
440,2021-08-18 08:00:00,OTC,2021-Q2,TCEHY,10395,7,2,0.1924001924001924,3,0.2886002886002886,2,0.1924001924001924,0.6734006734006734,2,0,0,0,0,0,0,0,0,0,1,1,1,0,0,0,0,0,0,0,1,0,0,0,0,0,1,0
441,2021-04-28 16:30:00,NASDAQ,2021-Q1,TWOU,8085,2,2,0.24737167594310452,0,0.0,0,0.0,0.24737167594310452,2,0,0,0,0,0,0,0,0,0,0,0,0,0,0,0,0,0,0,0,0,0,0,0,0,0,0,0
442,2021-05-04 09:00:00,NYSE,2021-Q1,RACE,6871,1,0,0.0,1,0.14553922282055012,0,0.0,0.14553922282055012,0,0,0,0,0,0,0,0,0,0,0,0,1,0,0,0,0,0,0,0,0,0,0,0,0,0,0,0
443,2021-07-20 08:00:00,NYSE,2021-Q2,PPG,8787,3,3,0.3414134516899966,0,0.0,0,0.0,0.3414134516899966,3,0,0,0,0,0,0,0,0,0,0,0,0,0,0,0,0,0,0,0,0,0,0,0,0,0,0,0
444,2021-11-22 17:15:00,NASDAQ,2022-Q3,URBN,7497,4,2,0.26677337601707346,2,0.26677337601707346,0,0.0,0.5335467520341469,2,0,0,0,0,0,0,0,0,0,0,1,1,0,0,0,0,0,0,0,0,0,0,0,0,0,0,0
445,2021-08-05 16:30:00,NYSE,2021-Q2,AL,10018,4,4,0.3992812936713915,0,0.0,0,0.0,0.3992812936713915,4,0,0,0,0,0,0,0,0,0,0,0,0,0,0,0,0,0,0,0,0,0,0,0,0,0,0,0
446,2021-05-10 17:00:00,NYSE,2021-Q1,TREX,8006,3,2,0.2498126405196103,1,0.12490632025980515,0,0.0,0.37471896077941547,2,0,0,0,0,0,0,0,0,0,1,0,0,0,0,0,0,0,0,0,0,0,0,0,0,0,0,0
447,2021-10-28 10:00:00,NASDAQ,2021-Q3,ILPT,2879,0,0,0.0,0,0.0,0,0.0,0.0,0,0,0,0,0,0,0,0,0,0,0,0,0,0,0,0,0,0,0,0,0,0,0,0,0,0,0,0
448,2021-03-16 17:00:00,NASDAQ,2020-Q4,ORGO,6589,3,1,0.15176809834572774,2,0.3035361966914555,0,0.0,0.45530429503718317,1,0,0,0,0,0,0,0,0,0,1,1,0,0,0,0,0,0,0,0,0,0,0,0,0,0,0,0
449,2020-02-05 17:00:00,NASDAQ,2020-Q2,PTON,9145,7,2,0.21869874248223073,5,0.5467468562055768,0,0.0,0.7654455986878076,2,0,0,0,0,0,0,0,0,0,2,3,0,0,0,0,0,0,0,0,0,0,0,0,0,0,0,0
450,2021-04-28 17:00:00,NASDAQ,2021-Q1,ATOM,6568,3,3,0.45676004872107184,0,0.0,0,0.0,0.45676004872107184,3,0,0,0,0,0,0,0,0,0,0,0,0,0,0,0,0,0,0,0,0,0,0,0,0,0,0,0
451,2020-08-07 08:30:00,NASDAQ,2020-Q2,ALTR,7701,12,6,0.7791195948578107,5,0.6492663290481755,1,0.1298532658096351,1.5582391897156214,6,0,0,0,0,0,0,0,0,0,3,2,0,1,0,0,0,0,0,0,0,0,0,0,0,0,0,0
452,2021-04-22 09:00:00,NYSE,2021-Q1,BX,9452,12,3,0.31739314430808296,9,0.9521794329242488,0,0.0,1.2695725772323319,3,0,0,0,0,0,0,0,0,0,3,3,3,0,0,0,0,0,0,0,0,0,0,0,0,0,0,0
453,2021-04-26 16:30:00,NYSE,2021-Q1,CNI,10405,3,2,0.19221528111484862,1,0.09610764055742431,0,0.0,0.2883229216722729,2,0,0,0,0,0,0,0,0,0,1,0,0,0,0,0,0,0,0,0,0,0,0,0,0,0,0,0
454,2021-04-22 18:00:00,NASDAQ,2021-Q1,SIVB,8294,19,7,0.8439836026042923,12,1.4468290330359297,0,0.0,2.290812635640222,7,0,0,0,0,0,0,0,0,0,5,7,0,0,0,0,0,0,0,0,0,0,0,0,0,0,0,0
455,2021-02-11 17:00:00,NASDAQ,2020-Q4,FROG,9120,6,3,0.3289473684210526,3,0.3289473684210526,0,0.0,0.6578947368421052,2,0,0,0,1,0,0,0,0,0,3,0,0,0,0,0,0,0,0,0,0,0,0,0,0,0,0,0
456,2022-01-28 08:30:00,NYSE,2021-Q4,X,8364,12,5,0.5978000956480153,3,0.3586800573888092,4,0.47824007651841227,1.4347202295552368,5,0,0,0,0,0,0,0,0,0,3,0,0,2,0,2,0,0,0,0,0,0,0,0,0,0,0,0
457,2022-02-17 08:00:00,NYSE,2021-Q4,GFI,11890,10,7,0.5887300252312868,3,0.2523128679562658,0,0.0,0.8410428931875525,6,0,0,0,1,0,0,0,0,0,0,1,2,0,0,0,0,0,0,0,0,0,0,0,0,0,0,0
458,2022-05-10 17:00:00,NYSE,2022-Q1,ONTF,7571,7,3,0.3962488442742042,1,0.1320829480914014,3,0.3962488442742042,0.9245806366398098,3,0,0,0,0,0,0,0,0,0,0,1,0,2,0,0,0,0,0,0,0,0,0,0,0,0,1,0
459,2021-02-19 11:00:00,NASDAQ,2020-Q4,HST,8052,15,7,0.8693492300049677,5,0.620963735717834,3,0.37257824143070045,1.8628912071535022,6,0,0,0,1,0,0,0,0,0,4,0,1,0,2,0,0,0,0,0,1,0,0,0,0,0,0,0
460,2021-03-04 17:00:00,NASDAQ,2021-Q3,SWBI,7029,4,1,0.1422677479015507,3,0.42680324370465217,0,0.0,0.5690709916062028,1,0,0,0,0,0,0,0,0,0,2,1,0,0,0,0,0,0,0,0,0,0,0,0,0,0,0,0
461,2021-06-02 08:00:00,NYSE,2021-Q1,AAP,10778,14,2,0.18556318426424195,9,0.8350343291890888,3,0.27834477639636296,1.2989422898496938,1,0,0,0,1,0,0,0,0,0,7,1,1,0,3,0,0,0,0,0,0,0,0,0,0,0,0,0
462,2019-05-08 09:00:00,NASDAQ,2019-Q1,LILA,6971,5,0,0.0,3,0.4303543250609668,2,0.2869028833739779,0.7172572084349448,0,0,0,0,0,0,0,0,0,0,0,2,1,1,1,0,0,0,0,0,0,0,0,0,0,0,0,0
463,2022-11-16 17:00:00,NASDAQ,2023-Q3,NVDA,8260,4,4,0.48426150121065376,0,0.0,0,0.0,0.48426150121065376,4,0,0,0,0,0,0,0,0,0,0,0,0,0,0,0,0,0,0,0,0,0,0,0,0,0,0,0
464,2019-10-24 11:00:00,NYSE,2019-Q3,SUI,7085,3,2,0.2822865208186309,1,0.14114326040931546,0,0.0,0.4234297812279464,2,0,0,0,0,0,0,0,0,0,0,0,1,0,0,0,0,0,0,0,0,0,0,0,0,0,0,0
465,2021-04-29 10:00:00,NYSE,2021-Q1,CNX,8910,5,5,0.5611672278338945,0,0.0,0,0.0,0.5611672278338945,3,0,0,0,0,1,1,0,0,0,0,0,0,0,0,0,0,0,0,0,0,0,0,0,0,0,0,0
466,2021-02-05 07:30:00,NASDAQ,2020-Q4,SNY,7785,5,0,0.0,4,0.5138086062941555,1,0.12845215157353887,0.6422607578676942,0,0,0,0,0,0,0,0,0,0,1,3,0,0,0,0,0,0,0,0,1,0,0,0,0,0,0,0
467,2019-05-09 11:00:00,NASDAQ,2019-Q1,EBIX,7160,6,2,0.27932960893854747,4,0.5586592178770949,0,0.0,0.8379888268156425,2,0,0,0,0,0,0,0,0,0,3,0,1,0,0,0,0,0,0,0,0,0,0,0,0,0,0,0
468,2021-03-11 17:00:00,NYSE,2020-Q4,EVC,6396,6,5,0.7817385866166354,1,0.15634771732332708,0,0.0,0.9380863039399625,5,0,0,0,0,0,0,0,0,0,0,1,0,0,0,0,0,0,0,0,0,0,0,0,0,0,0,0
469,2021-02-08 16:30:00,NASDAQ,2021-Q3,TTWO,10434,8,3,0.2875215641173088,5,0.47920260686218136,0,0.0,0.7667241709794901,2,0,0,0,0,0,1,0,0,0,1,3,1,0,0,0,0,0,0,0,0,0,0,0,0,0,0,0
470,2019-10-23 17:00:00,NASDAQ,2020-Q2,XLNX,8340,3,2,0.23980815347721823,1,0.11990407673860912,0,0.0,0.3597122302158273,2,0,0,0,0,0,0,0,0,0,1,0,0,0,0,0,0,0,0,0,0,0,0,0,0,0,0,0
471,2020-08-05 09:00:00,NYSE,2021-Q1,MOD,7090,0,0,0.0,0,0.0,0,0.0,0.0,0,0,0,0,0,0,0,0,0,0,0,0,0,0,0,0,0,0,0,0,0,0,0,0,0,0,0,0
472,2020-07-22 18:00:00,NASDAQ,2020-Q2,TSLA,9451,3,3,0.3174267273304412,0,0.0,0,0.0,0.3174267273304412,3,0,0,0,0,0,0,0,0,0,0,0,0,0,0,0,0,0,0,0,0,0,0,0,0,0,0,0
473,2020-04-22 08:00:00,NASDAQ,2020-Q1,NDAQ,13267,9,4,0.3014999623125047,5,0.3768749528906309,0,0.0,0.6783749152031356,4,0,0,0,0,0,0,0,0,0,0,4,1,0,0,0,0,0,0,0,0,0,0,0,0,0,0,0
474,2020-09-24 16:45:00,NYSE,2021-Q1,AIR,6428,4,4,0.6222775357809583,0,0.0,0,0.0,0.6222775357809583,4,0,0,0,0,0,0,0,0,0,0,0,0,0,0,0,0,0,0,0,0,0,0,0,0,0,0,0
475,2020-08-13 11:00:00,NYSE,2020-Q2,TK,4204,1,0,0.0,0,0.0,1,0.2378686964795433,0.2378686964795433,0,0,0,0,0,0,0,0,0,0,0,0,0,0,0,1,0,0,0,0,0,0,0,0,0,0,0,0
476,2022-09-06 16:30:00,NASDAQ,2023-Q1,CDMO,4926,2,0,0.0,2,0.4060089321965083,0,0.0,0.4060089321965083,0,0,0,0,0,0,0,0,0,0,0,1,1,0,0,0,0,0,0,0,0,0,0,0,0,0,0,0
477,2021-04-30 08:30:00,NYSE,2021-Q1,AON,7717,6,2,0.2591680704937152,3,0.3887521057405728,1,0.1295840352468576,0.7775042114811456,2,0,0,0,0,0,0,0,0,0,2,0,1,0,0,0,0,0,1,0,0,0,0,0,0,0,0,0
478,2021-05-06 08:00:00,NASDAQ,2021-Q2,EZPW,5150,3,1,0.19417475728155342,2,0.38834951456310685,0,0.0,0.5825242718446603,1,0,0,0,0,0,0,0,0,0,2,0,0,0,0,0,0,0,0,0,0,0,0,0,0,0,0,0
479,2021-05-11 08:00:00,NASDAQ,2021-Q1,CCEP,23599,22,10,0.4237467689308869,11,0.46612144582397563,1,0.04237467689308869,0.9322428916479513,9,0,0,0,1,0,0,0,0,0,5,2,4,0,0,0,0,0,0,0,0,1,0,0,0,0,0,0
480,2021-06-30 09:00:00,NYSE,2021-Q4,GIS,8061,8,6,0.744324525493115,2,0.24810817516437164,0,0.0,0.9924327006574866,5,0,0,0,0,0,1,0,0,0,2,0,0,0,0,0,0,0,0,0,0,0,0,0,0,0,0,0
481,2021-02-23 11:00:00,NASDAQ,2021-Q2,CBRL,10175,2,0,0.0,2,0.19656019656019655,0,0.0,0.19656019656019655,0,0,0,0,0,0,0,0,0,0,1,1,0,0,0,0,0,0,0,0,0,0,0,0,0,0,0,0
482,2021-03-01 11:00:00,NASDAQ,2020-Q4,MIDD,11649,14,2,0.17168855695767876,11,0.9442870632672333,1,0.08584427847883938,1.2018198987037514,2,0,0,0,0,0,0,0,0,0,4,5,2,1,0,0,0,0,0,0,0,0,0,0,0,0,0,0
483,2021-02-08 17:00:00,NASDAQ,2020-Q4,CORT,8651,4,4,0.4623742919893654,0,0.0,0,0.0,0.4623742919893654,4,0,0,0,0,0,0,0,0,0,0,0,0,0,0,0,0,0,0,0,0,0,0,0,0,0,0,0
484,2022-10-14 11:00:00,NYSE,2022-Q3,C,11541,10,3,0.2599428125812321,7,0.6065332293562083,0,0.0,0.8664760419374404,3,0,0,0,0,0,0,0,0,0,6,1,0,0,0,0,0,0,0,0,0,0,0,0,0,0,0,0
485,2021-03-10 17:00:00,NYSE,2021-Q3,ORCL,5688,2,0,0.0,2,0.35161744022503516,0,0.0,0.35161744022503516,0,0,0,0,0,0,0,0,0,0,1,1,0,0,0,0,0,0,0,0,0,0,0,0,0,0,0,0
486,2020-05-07 11:00:00,NYSE,2020-Q1,CF,9434,3,3,0.31799872800508794,0,0.0,0,0.0,0.31799872800508794,2,0,0,0,1,0,0,0,0,0,0,0,0,0,0,0,0,0,0,0,0,0,0,0,0,0,0,0
487,2021-05-19 09:00:00,NYSE,2021-Q1,LOW,9889,17,2,0.20224491859642024,12,1.2134695115785215,3,0.30336737789463036,1.7190818080695722,2,0,0,0,0,0,0,0,0,0,7,1,4,1,0,0,0,0,0,0,0,0,0,2,0,0,0,0
488,2022-06-09 10:00:00,NASDAQ,2022-Q2,FCEL,8044,3,0,0.0,3,0.37294878170064644,0,0.0,0.37294878170064644,0,0,0,0,0,0,0,0,0,0,1,2,0,0,0,0,0,0,0,0,0,0,0,0,0,0,0,0
489,2021-04-27 08:30:00,NASDAQ,2021-Q1,AGNC,6816,5,5,0.7335680751173709,0,0.0,0,0.0,0.7335680751173709,5,0,0,0,0,0,0,0,0,0,0,0,0,0,0,0,0,0,0,0,0,0,0,0,0,0,0,0
490,2020-08-25 17:00:00,NYSE,2021-Q2,OOMA,7413,7,4,0.5395926075812761,3,0.40469445568595713,0,0.0,0.9442870632672333,3,0,0,0,0,0,1,0,0,0,3,0,0,0,0,0,0,0,0,0,0,0,0,0,0,0,0,0
491,2020-05-27 21:00:00,NYSE,2020-Q1,BEST,7791,6,0,0.0,6,0.7701193685021178,0,0.0,0.7701193685021178,0,0,0,0,0,0,0,0,0,0,3,3,0,0,0,0,0,0,0,0,0,0,0,0,0,0,0,0
492,2021-05-04 08:00:00,NASDAQ,2021-Q1,INCY,9228,3,3,0.32509752925877766,0,0.0,0,0.0,0.32509752925877766,3,0,0,0,0,0,0,0,0,0,0,0,0,0,0,0,0,0,0,0,0,0,0,0,0,0,0,0
493,2022-07-28 17:00:00,NASDAQ,2022-Q3,AAPL,8260,9,4,0.48426150121065376,4,0.48426150121065376,1,0.12106537530266344,1.0895883777239708,4,0,0,0,0,0,0,0,0,0,1,3,0,0,0,0,0,0,0,0,0,0,0,1,0,0,0,0
494,2021-07-21 08:30:00,NYSE,2021-Q2,KO,9844,6,0,0.0,6,0.609508329947176,0,0.0,0.609508329947176,0,0,0,0,0,0,0,0,0,0,4,2,0,0,0,0,0,0,0,0,0,0,0,0,0,0,0,0
495,2019-10-30 16:30:00,NASDAQ,2019-Q3,FOXF,8804,6,4,0.45433893684688775,2,0.22716946842344388,0,0.0,0.6815084052703316,4,0,0,0,0,0,0,0,0,0,1,1,0,0,0,0,0,0,0,0,0,0,0,0,0,0,0,0
496,2020-01-30 09:00:00,NYSE,2019-Q4,RTN,8069,6,5,0.6196554715578139,1,0.12393109431156277,0,0.0,0.7435865658693765,5,0,0,0,0,0,0,0,0,0,1,0,0,0,0,0,0,0,0,0,0,0,0,0,0,0,0,0
497,2021-04-29 09:00:00,NYSE,2021-Q1,NOC,8880,12,4,0.45045045045045046,7,0.7882882882882882,1,0.11261261261261261,1.3513513513513513,2,0,0,0,0,0,2,0,0,0,6,1,0,0,1,0,0,0,0,0,0,0,0,0,0,0,0,0
498,2019-11-14 17:00:00,NYSE,2019-Q4,DLB,9408,11,10,1.0629251700680273,1,0.10629251700680271,0,0.0,1.1692176870748299,9,0,0,0,1,0,0,0,0,0,1,0,0,0,0,0,0,0,0,0,0,0,0,0,0,0,0,0
499,2022-07-27 16:30:00,NASDAQ,2022-Q2,ALGN,11683,19,13,1.112727895232389,3,0.2567833604382436,3,0.2567833604382436,1.626294616108876,13,0,0,0,0,0,0,0,0,0,2,1,0,2,1,0,0,0,0,0,0,0,0,0,0,0,0,0
